,school_name,major_name,major_class
0,國立臺灣大學,資訊工程學系,資訊工程學類
1,國立臺灣師範大學,資訊工程學系,資訊工程學類
2,國立中興大學,資訊科學與工程學系,資訊工程學類
3,國立成功大學,資訊工程學系,資訊工程學類
4,國立政治大學,資訊科學系,資訊工程學類
5,中原大學,電機資訊學院學士班,資訊工程學類
6,中原大學,資訊工程學系,資訊工程學類
7,東海大學,資訊工程學系,資訊工程學類
8,國立清華大學,資訊工程學系甲組(電子資訊組),資訊工程學類
9,國立清華大學,資訊工程學系乙組(資訊工程組),資訊工程學類
10,國立清華大學,資訊工程學系丙組(人工智慧組)  (問卷填答中),資訊工程學類
11,國立交通大學,資訊工程學系,資訊工程學類
12,淡江大學,資訊工程學系,資訊工程學類
13,淡江大學,資訊創新與科技學系軟體工程全英語組(蘭陽校園),資訊工程學類
14,淡江大學,資訊創新與科技學系應用資訊全英語組(蘭陽校園),資訊工程學類
15,逢甲大學,資訊工程學系,資訊工程學類
16,逢甲大學,美國加州舊金山州立大學資訊工程雙學士學位學程,資訊工程學類
17,國立中央大學,資訊工程學系,資訊工程學類
18,中國文化大學,資訊工程學系,資訊工程學類
19,靜宜大學,資訊工程學系,資訊工程學類
20,大同大學,資訊工程學系,資訊工程學類
21,輔仁大學,資訊工程學系,資訊工程學類
22,國立臺灣海洋大學,資訊工程學系,資訊工程學類
23,國立高雄師範大學,軟體工程與管理學系,資訊工程學類
24,國立彰化師範大學,資訊工程學系,資訊工程學類
25,國立中山大學,資訊工程學系,資訊工程學類
26,長庚大學,資訊工程學系,資訊工程學類
27,長庚大學,人工智慧學士學位學程  (問卷填答中),資訊工程學類
28,國立臺中教育大學,資訊工程學系,資訊工程學類
29,國立臺中教育大學,數位內容科技學系,資訊工程學類
30,國立臺北教育大學,資訊科學系,資訊工程學類
31,國立臺南大學,資訊工程學系,資訊工程學類
32,國立東華大學,資訊工程學系資工組,資訊工程學類
33,國立東華大學,資訊工程學系國際組,資訊工程學類
34,臺北市立大學,資訊科學系,資訊工程學類
35,國立屏東大學,資訊科學系,資訊工程學類
36,國立屏東大學,資訊工程學系,資訊工程學類
37,國立臺東大學,資訊工程學系,資訊工程學類
38,國立臺東大學,綠色與資訊科技學士學位學程,資訊工程學類
39,元智大學,資訊工程學系,資訊工程學類
40,國立中正大學,資訊工程學系,資訊工程學類
41,大葉大學,資訊工程學系,資訊工程學類
42,中華大學,資訊工程學系(資訊工程組),資訊工程學類
43,中華大學,資訊工程學系(智慧軟體設計組),資訊工程學類
44,中華大學,資訊工程學系(資訊應用組),資訊工程學類
45,中華大學,資訊工程學系(人工智慧組),資訊工程學類
46,義守大學,資訊工程學系,資訊工程學類
47,銘傳大學,資訊工程學系(桃園校區),資訊工程學類
48,銘傳大學,電腦與通訊工程學系(桃園校區),資訊工程學類
49,實踐大學,資訊科技與通訊學系(高雄校區),資訊工程學類
50,長榮大學,資訊暨設計學院學士班(資訊工程組),資訊工程學類
51,國立暨南國際大學,資訊工程學系,資訊工程學類
52,南華大學,資訊工程學系,資訊工程學類
53,真理大學,資訊工程學系,資訊工程學類
54,國立臺北大學,資訊工程學系,資訊工程學類
55,國立嘉義大學,資訊工程學系,資訊工程學類
56,國立高雄大學,資訊工程學系,資訊工程學類
57,亞洲大學,資訊工程學系(人工智慧組),資訊工程學類
58,亞洲大學,資訊工程學系(數位內容與遊戲設計組),資訊工程學類
59,亞洲大學,資訊工程學系(智慧電子組),資訊工程學類
60,國立宜蘭大學,資訊工程學系,資訊工程學類
61,國立聯合大學,資訊工程學系,資訊工程學類
62,國立金門大學,資訊工程學系,資訊工程學類
63,中山醫學大學,醫學資訊學系,生物資訊學類
64,中華大學,光電與材料工程學系(生醫光電組),生物資訊學類
65,慈濟大學,醫學資訊學系,生物資訊學類
66,亞洲大學,生物資訊與醫學工程學系(生醫資訊組),生物資訊學類
67,亞洲大學,生物資訊與醫學工程學系(醫學工程組),生物資訊學類
68,淡江大學,資訊傳播學系,資訊傳播學類
69,中國文化大學,資訊傳播學系,資訊傳播學類
70,靜宜大學,資訊傳播工程學系,資訊傳播學類
71,元智大學,資訊傳播學系設計組,資訊傳播學類
72,元智大學,資訊傳播學系科技組,資訊傳播學類
73,華梵大學,攝影與VR設計學系VR與互動媒體組,資訊傳播學類
74,銘傳大學,資訊傳播工程學系(桃園校區),資訊傳播學類
75,世新大學,資訊傳播學系,資訊傳播學類
76,國立臺灣體育運動大學,運動資訊與傳播學系(傳播組),資訊傳播學類
77,國立臺灣體育運動大學,運動資訊與傳播學系(資訊組),資訊傳播學類
78,真理大學,運動資訊傳播學系,資訊傳播學類
79,開南大學,資訊傳播學系,資訊傳播學類
80,明道大學,資訊傳播學系,資訊傳播學類
81,亞洲大學,資訊傳播學系智慧傳播應用組,資訊傳播學類
82,亞洲大學,資訊傳播學系新媒體傳播內容組,資訊傳播學類
83,國立臺灣大學,圖書資訊學系,圖書資訊學類
84,淡江大學,資訊與圖書館學系,圖書資訊學類
85,輔仁大學,圖書資訊學系,圖書資訊學類
86,淡江大學,教育科技學系,數位學習學類
87,國立臺北教育大學,數學暨資訊教育學系資訊組,數位學習學類
88,國立臺南大學,數位學習科技學系,數位學習學類
89,臺北市立大學,學習與媒材設計學系,數位學習學類
90,國立臺東大學,數位媒體與文教產業學系,數位學習學類
91,國立嘉義大學,數位學習設計與管理學系,數位學習學類
92,國立臺灣大學,資訊管理學系,資訊管理學類
93,國立中興大學,資訊管理學系,資訊管理學類
94,東吳大學,資訊管理學系,資訊管理學類
95,國立政治大學,資訊管理學系,資訊管理學類
96,中原大學,資訊管理學系,資訊管理學類
97,東海大學,資訊管理學系,資訊管理學類
98,淡江大學,資訊管理學系,資訊管理學類
99,國立中央大學,資訊管理學系,資訊管理學類
100,中國文化大學,資訊管理學系,資訊管理學類
101,靜宜大學,資訊管理學系,資訊管理學類
102,大同大學,資訊經營學系,資訊管理學類
103,輔仁大學,資訊管理學系,資訊管理學類
104,國立彰化師範大學,資訊管理學系資訊管理組,資訊管理學類
105,國立彰化師範大學,資訊管理學系數位內容科技與管理組,資訊管理學類
106,國立中山大學,資訊管理學系,資訊管理學類
107,長庚大學,資訊管理學系,資訊管理學類
108,國立東華大學,資訊管理學系,資訊管理學類
109,國立屏東大學,資訊管理學系,資訊管理學類
110,國立臺東大學,資訊管理學系,資訊管理學類
111,元智大學,資訊管理學系,資訊管理學類
112,元智大學,資訊學院英語學士班,資訊管理學類
113,國立中正大學,資訊管理學系,資訊管理學類
114,大葉大學,資訊管理學系,資訊管理學類
115,中華大學,資訊管理學系(資訊系統設計與智慧製造組),資訊管理學類
116,中華大學,資訊管理學系(資訊管理應用組),資訊管理學類
117,中華大學,資訊管理學系(手機軟體設計組),資訊管理學類
118,中華大學,資訊管理學系(巨量資料應用組),資訊管理學類
119,華梵大學,智慧生活科技學系智慧產品開發組,資訊管理學類
120,華梵大學,智慧生活科技學系大數據與管理組,資訊管理學類
121,義守大學,資訊管理學系,資訊管理學類
122,銘傳大學,資訊管理學系雲端技術管理組(桃園校區),資訊管理學類
123,銘傳大學,資訊管理學系巨量資料管理組(桃園校區),資訊管理學類
124,銘傳大學,資訊管理學系電子商務管理組(桃園校區),資訊管理學類
125,銘傳大學,資訊科技應用與管理學士學位學程(全英語授課．桃園校區),資訊管理學類
126,世新大學,資訊管理學系資訊管理組,資訊管理學類
127,世新大學,資訊管理學系資訊科技組,資訊管理學類
128,世新大學,資訊管理學系網路科技組,資訊管理學類
129,實踐大學,資訊科技與管理學系(臺北校區),資訊管理學類
130,實踐大學,資訊管理學系(高雄校區),資訊管理學類
131,長榮大學,資訊暨設計學院學士班,資訊管理學類
132,長榮大學,資訊暨設計學院學士班(資訊管理組),資訊管理學類
133,國立暨南國際大學,資訊管理學系,資訊管理學類
134,南華大學,資訊管理學系,資訊管理學類
135,真理大學,資訊管理學系,資訊管理學類
136,國立嘉義大學,資訊管理學系,資訊管理學類
137,國立高雄大學,資訊管理學系,資訊管理學類
138,開南大學,資訊管理學系,資訊管理學類
139,中信金融管理學院,人工智慧學系,資訊管理學類
140,佛光大學,資訊應用學系,資訊管理學類
141,稻江科技暨管理學院,行動科技學系,資訊管理學類
142,稻江科技暨管理學院,經營管理學士學位學程,資訊管理學類
143,國立聯合大學,資訊管理學系,資訊管理學類
144,國立屏東大學,商業自動化與管理學系,電子商務學類
145,大同大學,媒體設計學系互動媒體設計組,媒體設計學類
146,大同大學,媒體設計學系數位遊戲設計組,媒體設計學類
147,國立臺北藝術大學,動畫學系,媒體設計學類
148,國立臺北教育大學,數位科技設計學系,媒體設計學類
149,大葉大學,多媒體數位內容學士學位學程,媒體設計學類
150,華梵大學,攝影與VR設計學系攝影與科技藝術組,媒體設計學類
151,義守大學,數位多媒體設計學系,媒體設計學類
152,銘傳大學,數位媒體設計學系(桃園校區),媒體設計學類
153,銘傳大學,動漫文創設計學士學位學程(桃園校區),媒體設計學類
154,世新大學,數位多媒體設計學系動畫設計組,媒體設計學類
155,世新大學,數位多媒體設計學系遊戲設計組,媒體設計學類
156,實踐大學,媒體傳達設計學系(臺北校區),媒體設計學類
157,實踐大學,資訊模擬與設計學系(高雄校區),媒體設計學類
158,實踐大學,電腦動畫學士學位學程(高雄校區),媒體設計學類
159,長榮大學,資訊暨設計學院學士班(數位內容設計組),媒體設計學類
160,長榮大學,資訊暨設計學院學士班(互動設計組),媒體設計學類
161,長榮大學,資訊暨設計學院學士班(媒體設計組),媒體設計學類
162,開南大學,電影與創意媒體學系,媒體設計學類
163,稻江科技暨管理學院,動畫遊戲設計學系,媒體設計學類
164,明道大學,數位設計學系,媒體設計學類
165,亞洲大學,行動商務與多媒體應用學系(多媒體應用組),媒體設計學類
166,亞洲大學,行動商務與多媒體應用學系(行動商務組),媒體設計學類
167,亞洲大學,數位媒體設計學系(數位遊戲設計組),媒體設計學類
168,亞洲大學,數位媒體設計學系(數位動畫設計組),媒體設計學類
169,國立臺灣大學,電機工程學系,電機工程學類
170,國立臺灣師範大學,電機工程學系,電機工程學類
171,國立中興大學,電機工程學系,電機工程學類
172,國立成功大學,電機工程學系,電機工程學類
173,中原大學,電機工程學系,電機工程學類
174,東海大學,電機工程學系,電機工程學類
175,國立清華大學,電機工程學系,電機工程學類
176,國立交通大學,電機工程學系,電機工程學類
177,淡江大學,電機工程學系電機資訊組,電機工程學類
178,淡江大學,電機工程學系電機通訊組,電機工程學類
179,淡江大學,電機工程學系電機與系統組,電機工程學類
180,逢甲大學,電機工程學系,電機工程學類
181,逢甲大學,自動控制工程學系,電機工程學類
182,逢甲大學,美國加州聖荷西州立大學工程雙學士學位學程,電機工程學類
183,國立中央大學,電機工程學系,電機工程學類
184,中國文化大學,電機工程學系,電機工程學類
185,大同大學,電機工程學系,電機工程學類
186,輔仁大學,電機工程學系,電機工程學類
187,國立臺灣海洋大學,電機工程學系,電機工程學類
188,國立高雄師範大學,電機工程學系,電機工程學類
189,國立彰化師範大學,電機工程學系,電機工程學類
190,國立中山大學,電機工程學系,電機工程學類
191,長庚大學,電機工程學系,電機工程學類
192,國立臺南大學,電機工程學系,電機工程學類
193,國立東華大學,電機工程學系,電機工程學類
194,國立屏東大學,智慧機器人學系,電機工程學類
195,元智大學,電機工程學系(甲組),電機工程學類
196,元智大學,電機工程學系(乙組),電機工程學類
197,元智大學,電機工程學系(丙組),電機工程學類
198,元智大學,電機通訊學院英語學士班,電機工程學類
199,國立中正大學,電機工程學系,電機工程學類
200,大葉大學,電機工程學系,電機工程學類
201,中華大學,電機工程學系,電機工程學類
202,義守大學,電機工程學系,電機工程學類
203,義守大學,智慧化自動控制英語學士學位學程,電機工程學類
204,國立暨南國際大學,電機工程學系,電機工程學類
205,國立臺北大學,電機工程學系,電機工程學類
206,國立嘉義大學,電機工程學系,電機工程學類
207,國立高雄大學,電機工程學系,電機工程學類
208,國立宜蘭大學,電機工程學系,電機工程學類
209,國立聯合大學,電機工程學系,電機工程學類
210,國立臺灣師範大學,光電工程學士學位學程,光電工程學類
211,國立成功大學,光電科學與工程學系,光電工程學類
212,國立交通大學,光電工程學系,光電工程學類
213,逢甲大學,光電科學與工程學系,光電工程學類
214,國立中央大學,光電科學與工程學系,光電工程學類
215,國立臺灣海洋大學,光電與材料科技學系,光電工程學類
216,國立中山大學,光電工程學系,光電工程學類
217,國立東華大學,光電工程學系,光電工程學類
218,中華大學,光電與材料工程學系(綠能光電組),光電工程學類
219,亞洲大學,光電與通訊學系(光電綠能組),光電工程學類
220,亞洲大學,光電與通訊學系(通訊網路組),光電工程學類
221,國立聯合大學,光電工程學系,光電工程學類
222,中原大學,電子工程學系,電子工程學類
223,國立交通大學,奈米科學及工程學士學位學程,電子工程學類
224,逢甲大學,電子工程學系,電子工程學類
225,國立高雄師範大學,電子工程學系,電子工程學類
226,國立彰化師範大學,電子工程學系,電子工程學類
227,長庚大學,電子工程學系,電子工程學類
228,義守大學,電子工程學系,電子工程學類
229,銘傳大學,電子工程學系半導體光電組(桃園校區),電子工程學類
230,銘傳大學,電子工程學系計算機應用組(桃園校區),電子工程學類
231,國立宜蘭大學,電子工程學系,電子工程學類
232,國立聯合大學,電子工程學系,電子工程學類
233,國立金門大學,電子工程學系,電子工程學類
234,逢甲大學,通訊工程學系,通訊工程學類
235,國立中央大學,通訊工程學系,通訊工程學類
236,國立臺灣海洋大學,通訊與導航工程學系,通訊工程學類
237,國立屏東大學,電腦與通訊學系,通訊工程學類
238,國立中正大學,通訊工程學系,通訊工程學類
239,義守大學,通訊工程學系,通訊工程學類
240,國立臺北大學,通訊工程學系,通訊工程學類
241,國立中興大學,電機資訊學院學士班,不分系學類
242,國立清華大學,電機資訊學院學士班,不分系學類
243,逢甲大學,資訊電機學院學士班,不分系學類
244,逢甲大學,美國普渡大學電機資訊雙學士學位學程,不分系學類
245,國立中央大學,資訊電機學院學士班,不分系學類
246,國立成功大學,統計學系,數據統計學類
247,東吳大學,巨量資料管理學院學士學位學程,數據統計學類
248,國立政治大學,統計學系,數據統計學類
249,東海大學,統計學系,數據統計學類
250,淡江大學,統計學系,數據統計學類
251,逢甲大學,統計學系商業大數據組,數據統計學類
252,逢甲大學,統計學系大數據分析與市場決策組,數據統計學類
253,靜宜大學,資料科學暨大數據分析與應用學系,數據統計學類
254,輔仁大學,統計資訊學系,數據統計學類
255,國立東華大學,應用數學系統計科學組,數據統計學類
256,義守大學,財務與計算數學系,數據統計學類
257,銘傳大學,應用統計與資料科學學系大數據管理組(桃園校區),數據統計學類
258,真理大學,統計資訊與精算學系,數據統計學類
259,國立臺北大學,統計學系,數據統計學類
260,國立臺灣大學,電機工程學系,電機工程學類
261,國立臺灣師範大學,電機工程學系,電機工程學類
262,國立中興大學,電機工程學系,電機工程學類
263,國立成功大學,電機工程學系,電機工程學類
264,中原大學,電機工程學系,電機工程學類
265,東海大學,電機工程學系,電機工程學類
266,國立清華大學,電機工程學系,電機工程學類
267,國立交通大學,電機工程學系,電機工程學類
268,淡江大學,電機工程學系電機資訊組,電機工程學類
269,淡江大學,電機工程學系電機通訊組,電機工程學類
270,淡江大學,電機工程學系電機與系統組,電機工程學類
271,逢甲大學,電機工程學系,電機工程學類
272,逢甲大學,自動控制工程學系,電機工程學類
273,逢甲大學,美國加州聖荷西州立大學工程雙學士學位學程,電機工程學類
274,國立中央大學,電機工程學系,電機工程學類
275,中國文化大學,電機工程學系,電機工程學類
276,大同大學,電機工程學系,電機工程學類
277,輔仁大學,電機工程學系,電機工程學類
278,國立臺灣海洋大學,電機工程學系,電機工程學類
279,國立高雄師範大學,電機工程學系,電機工程學類
280,國立彰化師範大學,電機工程學系,電機工程學類
281,國立中山大學,電機工程學系,電機工程學類
282,長庚大學,電機工程學系,電機工程學類
283,國立臺南大學,電機工程學系,電機工程學類
284,國立東華大學,電機工程學系,電機工程學類
285,國立屏東大學,智慧機器人學系,電機工程學類
286,元智大學,電機工程學系(甲組),電機工程學類
287,元智大學,電機工程學系(乙組),電機工程學類
288,元智大學,電機工程學系(丙組),電機工程學類
289,元智大學,電機通訊學院英語學士班,電機工程學類
290,國立中正大學,電機工程學系,電機工程學類
291,大葉大學,電機工程學系,電機工程學類
292,中華大學,電機工程學系,電機工程學類
293,義守大學,電機工程學系,電機工程學類
294,義守大學,智慧化自動控制英語學士學位學程,電機工程學類
295,國立暨南國際大學,電機工程學系,電機工程學類
296,國立臺北大學,電機工程學系,電機工程學類
297,國立嘉義大學,電機工程學系,電機工程學類
298,國立高雄大學,電機工程學系,電機工程學類
299,國立宜蘭大學,電機工程學系,電機工程學類
300,國立聯合大學,電機工程學系,電機工程學類
301,國立臺灣師範大學,光電工程學士學位學程,光電工程學類
302,國立成功大學,光電科學與工程學系,光電工程學類
303,國立交通大學,光電工程學系,光電工程學類
304,逢甲大學,光電科學與工程學系,光電工程學類
305,國立中央大學,光電科學與工程學系,光電工程學類
306,國立臺灣海洋大學,光電與材料科技學系,光電工程學類
307,國立中山大學,光電工程學系,光電工程學類
308,國立東華大學,光電工程學系,光電工程學類
309,中華大學,光電與材料工程學系(綠能光電組),光電工程學類
310,亞洲大學,光電與通訊學系(光電綠能組),光電工程學類
311,亞洲大學,光電與通訊學系(通訊網路組),光電工程學類
312,國立聯合大學,光電工程學系,光電工程學類
313,中原大學,電子工程學系,電子工程學類
314,國立交通大學,奈米科學及工程學士學位學程,電子工程學類
315,逢甲大學,電子工程學系,電子工程學類
316,國立高雄師範大學,電子工程學系,電子工程學類
317,國立彰化師範大學,電子工程學系,電子工程學類
318,長庚大學,電子工程學系,電子工程學類
319,義守大學,電子工程學系,電子工程學類
320,銘傳大學,電子工程學系半導體光電組(桃園校區),電子工程學類
321,銘傳大學,電子工程學系計算機應用組(桃園校區),電子工程學類
322,國立宜蘭大學,電子工程學系,電子工程學類
323,國立聯合大學,電子工程學系,電子工程學類
324,國立金門大學,電子工程學系,電子工程學類
325,逢甲大學,通訊工程學系,通訊工程學類
326,國立中央大學,通訊工程學系,通訊工程學類
327,國立臺灣海洋大學,通訊與導航工程學系,通訊工程學類
328,國立屏東大學,電腦與通訊學系,通訊工程學類
329,國立中正大學,通訊工程學系,通訊工程學類
330,義守大學,通訊工程學系,通訊工程學類
331,國立臺北大學,通訊工程學系,通訊工程學類
332,國立臺灣大學,工程科學及海洋工程學系,工程科學學類
333,國立成功大學,資源工程學系,工程科學學類
334,國立成功大學,工程科學系,工程科學學類
335,國立成功大學,系統及船舶機電工程學系,工程科學學類
336,國立清華大學,工程與系統科學系甲組(低碳綠能組),工程科學學類
337,國立清華大學,工程與系統科學系乙組(智慧奈米系統組),工程科學學類
338,國立清華大學,原子科學院學士班,工程科學學類
339,國立臺灣海洋大學,系統工程暨造船學系,工程科學學類
340,國立臺南大學,綠色能源科技學系,工程科學學類
341,國立聯合大學,能源工程學系,工程科學學類
342,國立臺灣大學,機械工程學系,機械工程學類
343,國立臺灣大學,生物機電工程學系,機械工程學類
344,國立臺灣師範大學,機電工程學系,機械工程學類
345,國立中興大學,機械工程學系,機械工程學類
346,國立中興大學,生物產業機電工程學系,機械工程學類
347,國立成功大學,機械工程學系,機械工程學類
348,中原大學,機械工程學系,機械工程學類
349,國立清華大學,動力機械工程學系,機械工程學類
350,國立交通大學,機械工程學系,機械工程學類
351,淡江大學,機械與機電工程學系光機電整合組,機械工程學類
352,淡江大學,機械與機電工程學系精密機械組,機械工程學類
353,逢甲大學,機械與電腦輔助工程學系,機械工程學類
354,逢甲大學,精密系統設計學士學位學程,機械工程學類
355,國立中央大學,機械工程學系光機電工程組,機械工程學類
356,國立中央大學,機械工程學系先進材料與精密製造組,機械工程學類
357,國立中央大學,機械工程學系設計與分析組,機械工程學類
358,中國文化大學,機械工程學系,機械工程學類
359,大同大學,機械工程學系電子機械組,機械工程學類
360,大同大學,機械工程學系精密機械組,機械工程學類
361,國立臺灣海洋大學,輪機工程學系,機械工程學類
362,國立臺灣海洋大學,機械與機電工程學系,機械工程學類
363,國立彰化師範大學,機電工程學系,機械工程學類
364,國立中山大學,機械與機電工程學系,機械工程學類
365,長庚大學,機械工程學系,機械工程學類
366,元智大學,機械工程學系,機械工程學類
367,國立中正大學,機械工程學系,機械工程學類
368,大葉大學,機械與自動化工程學系,機械工程學類
369,中華大學,機械工程學系(智慧自動化組),機械工程學類
370,中華大學,機械工程學系(智慧機械組),機械工程學類
371,中華大學,機械工程學系(航空技術組),機械工程學類
372,義守大學,機械與自動化工程學系,機械工程學類
373,國立嘉義大學,生物機電工程學系,機械工程學類
374,國立嘉義大學,機械與能源工程學系,機械工程學類
375,國立宜蘭大學,機械與機電工程學系,機械工程學類
376,國立宜蘭大學,生物機電工程學系,機械工程學類
377,國立聯合大學,機械工程學系,機械工程學類
378,國立成功大學,航空太空工程學系,航空工程學類
379,淡江大學,航空太空工程學系,航空工程學類
380,逢甲大學,航太與系統工程學系,航空工程學類
381,國立中央大學,太空科學與工程學系  (問卷填答中),航空工程學類
382,長榮大學,無人機應用學士學位學程,航空工程學類
383,國立臺灣大學,土木工程學系,土木工程學類
384,國立中興大學,土木工程學系,土木工程學類
385,國立成功大學,土木工程學系,土木工程學類
386,國立成功大學,測量及空間資訊學系,土木工程學類
387,國立政治大學,地政學系土地測量與資訊組,土木工程學類
388,中原大學,土木工程學系,土木工程學類
389,國立交通大學,土木工程學系,土木工程學類
390,淡江大學,土木工程學系,土木工程學類
391,逢甲大學,土木工程學系,土木工程學類
392,國立中央大學,土木工程學系,土木工程學類
393,中華大學,土木工程學系,土木工程學類
394,義守大學,土木與生態工程學系,土木工程學類
395,國立暨南國際大學,土木工程學系,土木工程學類
396,國立高雄大學,土木與環境工程學系土木工程組,土木工程學類
397,國立宜蘭大學,土木工程學系,土木工程學類
398,國立聯合大學,土木與防災工程學系,土木工程學類
399,國立金門大學,土木與工程管理學系,土木工程學類
400,國立成功大學,水利及海洋工程學系,水利工程學類
401,淡江大學,水資源及環境工程學系水資源工程組,水利工程學類
402,逢甲大學,水利工程與資源保育學系,水利工程學類
403,國立臺灣海洋大學,河海工程學系,水利工程學類
404,國立臺灣海洋大學,海洋工程科技學士學位學程,水利工程學類
405,國立中山大學,海洋環境及工程學系,水利工程學類
406,國立嘉義大學,土木與水資源工程學系,水利工程學類
407,國立臺灣大學,化學工程學系,化學工程學類
408,國立中興大學,化學工程學系,化學工程學類
409,國立成功大學,化學工程學系,化學工程學類
410,中原大學,化學工程學系,化學工程學類
411,東海大學,化學工程與材料工程學系,化學工程學類
412,國立清華大學,化學工程學系,化學工程學類
413,淡江大學,化學工程與材料工程學系,化學工程學類
414,逢甲大學,化學工程學系,化學工程學類
415,國立中央大學,化學工程與材料工程學系,化學工程學類
416,中國文化大學,化學工程與材料工程學系,化學工程學類
417,中國文化大學,紡織工程學系,化學工程學類
418,大同大學,化學工程與生物科技學系,化學工程學類
419,元智大學,化學工程與材料科學學系,化學工程學類
420,國立中正大學,化學工程學系,化學工程學類
421,義守大學,化學工程學系,化學工程學類
422,國立高雄大學,化學工程及材料工程學系,化學工程學類
423,國立宜蘭大學,化學工程與材料工程學系,化學工程學類
424,國立聯合大學,化學工程學系,化學工程學類
425,國立臺灣大學,材料科學與工程學系,材料工程學類
426,國立中興大學,材料科學與工程學系,材料工程學類
427,國立成功大學,材料科學及工程學系,材料工程學類
428,國立清華大學,材料科學工程學系乙組,材料工程學類
429,國立清華大學,材料科學工程學系,材料工程學類
430,國立清華大學,材料科學工程學系甲組,材料工程學類
431,國立交通大學,材料科學與工程學系,材料工程學類
432,逢甲大學,纖維與複合材料學系,材料工程學類
433,逢甲大學,材料科學與工程學系,材料工程學類
434,大同大學,材料工程學系,材料工程學類
435,國立中山大學,材料與光電科學學系,材料工程學類
436,長庚大學,化工與材料工程學系,材料工程學類
437,國立臺南大學,材料科學系,材料工程學類
438,國立東華大學,材料科學與工程學系,材料工程學類
439,大葉大學,材料科學與工程學系,材料工程學類
440,中華大學,光電與材料工程學系(材料應用組),材料工程學類
441,義守大學,材料科學與工程學系,材料工程學類
442,國立暨南國際大學,應用材料及光電工程學系,材料工程學類
443,明道大學,材料與能源工程學系,材料工程學類
444,國立聯合大學,材料科學工程學系,材料工程學類
445,國立臺灣大學,醫學工程學系,生醫工程學類
446,國立成功大學,生物醫學工程學系,生醫工程學類
447,中原大學,生物醫學工程學系,生醫工程學類
448,國立清華大學,生醫工程與環境科學系,生醫工程學類
449,國立中央大學,生醫科學與工程學系,生醫工程學類
450,國立陽明大學,生物醫學工程學系,生醫工程學類
451,大葉大學,醫療器材設計與材料學士學位學程,生醫工程學類
452,大葉大學,醫學工程學系,生醫工程學類
453,義守大學,生物醫學工程學系,生醫工程學類
454,銘傳大學,生物醫學工程學系專利醫材組(桃園校區),生醫工程學類
455,銘傳大學,生物醫學工程學系智慧醫療組(桃園校區),生醫工程學類
456,臺北醫學大學,生物醫學工程學系,生醫工程學類
457,國立臺灣大學,生物環境系統工程學系,環境工程學類
458,國立中興大學,環境工程學系,環境工程學類
459,國立成功大學,環境工程學系,環境工程學類
460,中原大學,環境工程學系,環境工程學類
461,東海大學,環境科學與工程學系,環境工程學類
462,淡江大學,水資源及環境工程學系環境工程組,環境工程學類
463,逢甲大學,環境工程與科學學系,環境工程學類
464,大葉大學,環境工程學系,環境工程學類
465,長榮大學,綠能與環境資源學系,環境工程學類
466,國立高雄大學,土木與環境工程學系環境工程組,環境工程學類
467,國立宜蘭大學,環境工程學系,環境工程學類
468,國立聯合大學,環境與安全衛生工程學系,環境工程學類
469,國立成功大學,建築學系,建築學類
470,中原大學,建築學系,建築學類
471,東海大學,建築學系,建築學類
472,淡江大學,建築學系,建築學類
473,逢甲大學,建築專業學院學士班,建築學類
474,中國文化大學,建築及都市設計學系,建築學類
475,中華大學,建築與都市計畫學系,建築學類
476,銘傳大學,建築學系(桃園校區),建築學類
477,實踐大學,建築設計學系(臺北校區),建築學類
478,南華大學,建築與景觀學系社會組,建築學類
479,南華大學,建築與景觀學系自然組,建築學類
480,國立高雄大學,建築學系,建築學類
481,國立聯合大學,建築學系,建築學類
482,國立金門大學,建築學系,建築學類
483,國立成功大學,工業與資訊管理學系,科技管理學類
484,中原大學,工業與系統工程學系工程組,科技管理學類
485,中原大學,工業與系統工程學系管理組,科技管理學類
486,東海大學,工業工程與經營資訊學系,科技管理學類
487,國立清華大學,科技管理學院學士班,科技管理學類
488,國立清華大學,工業工程與工程管理學系,科技管理學類
489,國立交通大學,工業工程與管理學系,科技管理學類
490,逢甲大學,工業工程與系統管理學系,科技管理學類
491,元智大學,工程學院英語學士班,科技管理學類
492,元智大學,工業工程與管理學系,科技管理學類
493,中華大學,工業管理學系,科技管理學類
494,義守大學,工業管理學系,科技管理學類
495,真理大學,工業管理與經營資訊學系,科技管理學類
496,國立金門大學,工業工程與管理學系,科技管理學類
497,國立成功大學,交通管理科學系,運輸物流學類
498,國立交通大學,運輸與物流管理學系,運輸物流學類
499,淡江大學,運輸管理學系,運輸物流學類
500,逢甲大學,運輸與物流學系,運輸物流學類
501,國立臺灣海洋大學,商船學系,運輸物流學類
502,國立臺灣海洋大學,航運管理學系,運輸物流學類
503,國立臺灣海洋大學,運輸科學系A組,運輸物流學類
504,國立臺灣海洋大學,運輸科學系B組,運輸物流學類
505,中華大學,企業管理學系(智慧運輸與物流組),運輸物流學類
506,長榮大學,航運管理學系,運輸物流學類
507,真理大學,航空事業學系,運輸物流學類
508,開南大學,國際物流與運輸管理學系,運輸物流學類
509,開南大學,空運管理學系,運輸物流學類
510,國立臺灣師範大學,科技應用與人力資源發展學系,科技教育學類
511,國立臺灣師範大學,工業教育學系,科技教育學類
512,國立高雄師範大學,工業科技教育學系科技教育與訓練組,科技教育學類
513,國立高雄師範大學,工業科技教育學系能源與冷凍空調組,科技教育學類
514,國立彰化師範大學,工業教育與技術學系,科技教育學類
515,國立臺灣大學,資訊工程學系,資訊工程學類
516,國立臺灣師範大學,資訊工程學系,資訊工程學類
517,國立中興大學,資訊科學與工程學系,資訊工程學類
518,國立成功大學,資訊工程學系,資訊工程學類
519,國立政治大學,資訊科學系,資訊工程學類
520,中原大學,電機資訊學院學士班,資訊工程學類
521,中原大學,資訊工程學系,資訊工程學類
522,東海大學,資訊工程學系,資訊工程學類
523,國立清華大學,資訊工程學系甲組(電子資訊組),資訊工程學類
524,國立清華大學,資訊工程學系乙組(資訊工程組),資訊工程學類
525,國立清華大學,資訊工程學系丙組(人工智慧組)  (問卷填答中),資訊工程學類
526,國立交通大學,資訊工程學系,資訊工程學類
527,淡江大學,資訊工程學系,資訊工程學類
528,淡江大學,資訊創新與科技學系軟體工程全英語組(蘭陽校園),資訊工程學類
529,淡江大學,資訊創新與科技學系應用資訊全英語組(蘭陽校園),資訊工程學類
530,逢甲大學,資訊工程學系,資訊工程學類
531,逢甲大學,美國加州舊金山州立大學資訊工程雙學士學位學程,資訊工程學類
532,國立中央大學,資訊工程學系,資訊工程學類
533,中國文化大學,資訊工程學系,資訊工程學類
534,靜宜大學,資訊工程學系,資訊工程學類
535,大同大學,資訊工程學系,資訊工程學類
536,輔仁大學,資訊工程學系,資訊工程學類
537,國立臺灣海洋大學,資訊工程學系,資訊工程學類
538,國立高雄師範大學,軟體工程與管理學系,資訊工程學類
539,國立彰化師範大學,資訊工程學系,資訊工程學類
540,國立中山大學,資訊工程學系,資訊工程學類
541,長庚大學,資訊工程學系,資訊工程學類
542,長庚大學,人工智慧學士學位學程  (問卷填答中),資訊工程學類
543,國立臺中教育大學,資訊工程學系,資訊工程學類
544,國立臺中教育大學,數位內容科技學系,資訊工程學類
545,國立臺北教育大學,資訊科學系,資訊工程學類
546,國立臺南大學,資訊工程學系,資訊工程學類
547,國立東華大學,資訊工程學系資工組,資訊工程學類
548,國立東華大學,資訊工程學系國際組,資訊工程學類
549,臺北市立大學,資訊科學系,資訊工程學類
550,國立屏東大學,資訊科學系,資訊工程學類
551,國立屏東大學,資訊工程學系,資訊工程學類
552,國立臺東大學,資訊工程學系,資訊工程學類
553,國立臺東大學,綠色與資訊科技學士學位學程,資訊工程學類
554,元智大學,資訊工程學系,資訊工程學類
555,國立中正大學,資訊工程學系,資訊工程學類
556,大葉大學,資訊工程學系,資訊工程學類
557,中華大學,資訊工程學系(資訊工程組),資訊工程學類
558,中華大學,資訊工程學系(智慧軟體設計組),資訊工程學類
559,中華大學,資訊工程學系(資訊應用組),資訊工程學類
560,中華大學,資訊工程學系(人工智慧組),資訊工程學類
561,義守大學,資訊工程學系,資訊工程學類
562,銘傳大學,資訊工程學系(桃園校區),資訊工程學類
563,銘傳大學,電腦與通訊工程學系(桃園校區),資訊工程學類
564,實踐大學,資訊科技與通訊學系(高雄校區),資訊工程學類
565,長榮大學,資訊暨設計學院學士班(資訊工程組),資訊工程學類
566,國立暨南國際大學,資訊工程學系,資訊工程學類
567,南華大學,資訊工程學系,資訊工程學類
568,真理大學,資訊工程學系,資訊工程學類
569,國立臺北大學,資訊工程學系,資訊工程學類
570,國立嘉義大學,資訊工程學系,資訊工程學類
571,國立高雄大學,資訊工程學系,資訊工程學類
572,亞洲大學,資訊工程學系(人工智慧組),資訊工程學類
573,亞洲大學,資訊工程學系(數位內容與遊戲設計組),資訊工程學類
574,亞洲大學,資訊工程學系(智慧電子組),資訊工程學類
575,國立宜蘭大學,資訊工程學系,資訊工程學類
576,國立聯合大學,資訊工程學系,資訊工程學類
577,國立金門大學,資訊工程學系,資訊工程學類
578,國立臺灣師範大學,車輛與能源工程學士學位學程,不分系學類
579,東海大學,永續科學與工程學士學位學程,不分系學類
580,國立清華大學,工學院學士班,不分系學類
581,國立中央大學,工學院學士班,不分系學類
582,大同大學,工程學院學士班  (問卷填答中),不分系學類
583,國立暨南國際大學,科技學院學士班,不分系學類
584,國立中興大學,電機資訊學院學士班,不分系學類
585,國立清華大學,電機資訊學院學士班,不分系學類
586,逢甲大學,資訊電機學院學士班,不分系學類
587,逢甲大學,美國普渡大學電機資訊雙學士學位學程,不分系學類
588,國立中央大學,資訊電機學院學士班,不分系學類
589,國立臺灣大學,數學系  (問卷填答中),數學學類
590,國立臺灣師範大學,數學系,數學學類
591,國立中興大學,應用數學系(應用數學組),數學學類
592,國立中興大學,應用數學系(數據科學與計算組),數學學類
593,國立成功大學,數學系,數學學類
594,東吳大學,數學系,數學學類
595,國立政治大學,應用數學系,數學學類
596,中原大學,應用數學系,數學學類
597,東海大學,應用數學系,數學學類
598,國立清華大學,數學系甲組(數學組),數學學類
599,國立清華大學,數學系乙組(應用數學組),數學學類
600,國立交通大學,應用數學系,數學學類
601,淡江大學,數學學系數學組,數學學類
602,淡江大學,數學學系資料科學與數理統計組,數學學類
603,逢甲大學,應用數學系,數學學類
604,國立中央大學,數學系,數學學類
605,中國文化大學,應用數學系,數學學類
606,輔仁大學,數學系資訊數學組,數學學類
607,輔仁大學,數學系應用數學組,數學學類
608,國立高雄師範大學,數學系數學組,數學學類
609,國立高雄師範大學,數學系應用數學組,數學學類
610,國立彰化師範大學,數學系,數學學類
611,國立中山大學,應用數學系,數學學類
612,國立臺南大學,應用數學系,數學學類
613,國立東華大學,應用數學系數學科學組,數學學類
614,臺北市立大學,數學系,數學學類
615,國立屏東大學,應用數學系,數學學類
616,國立臺東大學,應用數學系,數學學類
617,國立中正大學,數學系,數學學類
618,國立嘉義大學,應用數學系,數學學類
619,國立高雄大學,應用數學系,數學學類
620,國立臺灣大學,化學系,化學學類
621,國立臺灣師範大學,化學系,化學學類
622,國立中興大學,化學系,化學學類
623,國立成功大學,化學系,化學學類
624,東吳大學,化學系,化學學類
625,高雄醫學大學,醫藥暨應用化學系醫藥化學組,化學學類
626,高雄醫學大學,醫藥暨應用化學系應用化學組,化學學類
627,中原大學,化學系,化學學類
628,東海大學,化學系化學組,化學學類
629,東海大學,化學系化學生物組,化學學類
630,國立清華大學,化學系,化學學類
631,國立交通大學,應用化學系,化學學類
632,淡江大學,化學學系化學與生物化學組,化學學類
633,淡江大學,化學學系材料化學組,化學學類
634,國立中央大學,化學學系,化學學類
635,中國文化大學,化學系,化學學類
636,靜宜大學,應用化學系,化學學類
637,輔仁大學,化學系,化學學類
638,國立高雄師範大學,化學系,化學學類
639,國立彰化師範大學,化學系,化學學類
640,中山醫學大學,醫學應用化學系,化學學類
641,國立中山大學,化學系,化學學類
642,國立東華大學,化學系,化學學類
643,國立屏東大學,應用化學系,化學學類
644,國立中正大學,化學暨生物化學系,化學學類
645,國立暨南國際大學,應用化學系,化學學類
646,國立嘉義大學,應用化學系,化學學類
647,國立高雄大學,應用化學系,化學學類
648,國立臺灣大學,物理學系,物理學類
649,國立臺灣師範大學,物理學系,物理學類
650,國立中興大學,物理學系一般物理組,物理學類
651,國立中興大學,物理學系光電物理組,物理學類
652,國立成功大學,物理學系,物理學類
653,東吳大學,物理學系,物理學類
654,中原大學,物理學系,物理學類
655,東海大學,應用物理學系,物理學類
656,國立清華大學,物理學系,物理學類
657,國立交通大學,電子物理學系,物理學類
658,淡江大學,物理學系光電物理組,物理學類
659,淡江大學,物理學系應用物理組,物理學類
660,國立中央大學,物理學系,物理學類
661,中國文化大學,光電物理學系,物理學類
662,輔仁大學,物理學系物理組,物理學類
663,輔仁大學,物理學系光電物理組,物理學類
664,國立高雄師範大學,物理學系,物理學類
665,國立彰化師範大學,物理學系物理組,物理學類
666,國立彰化師範大學,物理學系光電組,物理學類
667,國立中山大學,物理學系,物理學類
668,國立東華大學,物理學系物理組,物理學類
669,國立東華大學,物理學系奈米與光電科學組,物理學類
670,臺北市立大學,應用物理暨化學系電子物理組,物理學類
671,國立屏東大學,應用物理系物理組,物理學類
672,國立屏東大學,應用物理系光電暨材料組,物理學類
673,國立中正大學,物理學系,物理學類
674,國立嘉義大學,電子物理學系,物理學類
675,國立高雄大學,應用物理學系,物理學類
676,國立臺灣大學,農業化學系,生化學類
677,國立臺灣大學,生化科技學系,生化學類
678,國立中興大學,土壤環境科學系,生化學類
679,國立嘉義大學,生化科技學系,生化學類
680,國立臺中教育大學,數學教育學系,數學教育學類
681,國立臺北教育大學,數學暨資訊教育學系數學組,數學教育學類
682,淡江大學,理學院尖端材料科學學士學位學程,自然科學學類
683,國立臺中教育大學,科學教育與應用學系,自然科學學類
684,國立臺北教育大學,自然科學教育學系,自然科學學類
685,臺北市立大學,地球環境暨生物資源學系,自然科學學類
686,臺北市立大學,應用物理暨化學系應用化學組,自然科學學類
687,國立屏東大學,科普傳播學系,自然科學學類
688,國立臺東大學,應用科學系化學及奈米科學組,自然科學學類
689,國立臺東大學,應用科學系應用物理組,自然科學學類
690,逢甲大學,財務工程與精算學士學位學程,財金統計學類
691,銘傳大學,應用統計與資料科學學系應用統計組（桃園校區）,財金統計學類
692,國立清華大學,理學院學士班,不分系學類
693,國立交通大學,理學院科學學士學位學程(甲組),不分系學類
694,國立交通大學,理學院科學學士學位學程(乙組),不分系學類
695,國立交通大學,理學院科學學士學位學程(丙組),不分系學類
696,國立中央大學,理學院學士班,不分系學類
697,國立成功大學,統計學系,數據統計學類
698,東吳大學,巨量資料管理學院學士學位學程,數據統計學類
699,國立政治大學,統計學系,數據統計學類
700,東海大學,統計學系,數據統計學類
701,淡江大學,統計學系,數據統計學類
702,逢甲大學,統計學系商業大數據組,數據統計學類
703,逢甲大學,統計學系大數據分析與市場決策組,數據統計學類
704,靜宜大學,資料科學暨大數據分析與應用學系,數據統計學類
705,輔仁大學,統計資訊學系,數據統計學類
706,國立東華大學,應用數學系統計科學組,數據統計學類
707,義守大學,財務與計算數學系,數據統計學類
708,銘傳大學,應用統計與資料科學學系大數據管理組(桃園校區),數據統計學類
709,真理大學,統計資訊與精算學系,數據統計學類
710,國立臺北大學,統計學系,數據統計學類
711,高雄醫學大學,運動醫學系,運動保健學類
712,中國醫藥大學,運動醫學系,運動保健學類
713,中國文化大學,運動與健康促進學系,運動保健學類
714,臺北市立大學,運動健康科學系,運動保健學類
715,國立體育大學,運動保健學系,運動保健學類
716,大葉大學,運動健康管理學系,運動保健學類
717,國立臺灣體育運動大學,運動健康科學學系,運動保健學類
718,國立臺灣大學,醫學系,醫學學類
719,國立成功大學,醫學系,醫學學類
720,高雄醫學大學,醫學系,醫學學類
721,中國醫藥大學,醫學系,醫學學類
722,中國醫藥大學,中醫學系甲組,醫學學類
723,中國醫藥大學,中醫學系乙組,醫學學類
724,輔仁大學,醫學系,醫學學類
725,輔仁大學,醫學系(公費),醫學學類
726,國立陽明大學,醫學系,醫學學類
727,中山醫學大學,醫學系,醫學學類
728,長庚大學,醫學系,醫學學類
729,長庚大學,中醫學系,醫學學類
730,義守大學,醫學系（公費生）,醫學學類
731,慈濟大學,醫學系,醫學學類
732,慈濟大學,醫學系(公費生),醫學學類
733,臺北醫學大學,醫學系,醫學學類
734,馬偕醫學院,醫學系,醫學學類
735,國立臺灣大學,公共衛生學系,公共衛生學類
736,國立臺灣師範大學,健康促進與衛生教育學系,公共衛生學類
737,高雄醫學大學,口腔衛生學系,公共衛生學類
738,高雄醫學大學,公共衛生學系,公共衛生學類
739,中國醫藥大學,公共衛生學院大一不分系,公共衛生學類
740,輔仁大學,公共衛生學系,公共衛生學類
741,中山醫學大學,公共衛生學系,公共衛生學類
742,臺北市立大學,衛生福利學系,公共衛生學類
743,慈濟大學,公共衛生學系,公共衛生學類
744,臺北醫學大學,公共衛生學系,公共衛生學類
745,臺北醫學大學,口腔衛生學系,公共衛生學類
746,國立臺灣大學,牙醫學系  (問卷填答中),牙醫學類
747,國立成功大學,牙醫學系  (問卷填答中),牙醫學類
748,高雄醫學大學,牙醫學系,牙醫學類
749,中國醫藥大學,牙醫學系,牙醫學類
750,國立陽明大學,牙醫學系,牙醫學類
751,中山醫學大學,牙醫學系,牙醫學類
752,臺北醫學大學,牙醫學系,牙醫學類
753,臺北醫學大學,牙體技術學系,牙醫學類
754,國立臺灣大學,物理治療學系,物理治療學類
755,國立成功大學,物理治療學系,物理治療學類
756,高雄醫學大學,物理治療學系,物理治療學類
757,中國醫藥大學,物理治療學系,物理治療學類
758,國立陽明大學,物理治療暨輔助科技學系,物理治療學類
759,中山醫學大學,物理治療學系,物理治療學類
760,長庚大學,物理治療學系,物理治療學類
761,義守大學,物理治療學系,物理治療學類
762,慈濟大學,物理治療學系,物理治療學類
763,亞洲大學,物理治療學系,物理治療學類
764,國立臺灣大學,職能治療學系,職能治療學類
765,國立成功大學,職能治療學系,職能治療學類
766,高雄醫學大學,職能治療學系,職能治療學類
767,輔仁大學,職能治療學系,職能治療學類
768,中山醫學大學,職能治療學系,職能治療學類
769,長庚大學,職能治療學系,職能治療學類
770,義守大學,職能治療學系,職能治療學類
771,亞洲大學,職能治療學系,職能治療學類
772,國立臺灣大學,護理學系,護理學類
773,國立成功大學,護理學系,護理學類
774,高雄醫學大學,護理學系,護理學類
775,中國醫藥大學,護理學系,護理學類
776,輔仁大學,護理學系,護理學類
777,國立陽明大學,護理學系,護理學類
778,中山醫學大學,護理學系,護理學類
779,長庚大學,護理學系,護理學類
780,大葉大學,護理學系,護理學類
781,義守大學,護理學系,護理學類
782,長榮大學,護理學系,護理學類
783,慈濟大學,護理學系,護理學類
784,臺北醫學大學,護理學系,護理學類
785,亞洲大學,護理學系國際護理組,護理學類
786,亞洲大學,護理學系臨床照護組,護理學類
787,亞洲大學,護理學系高齡長期照護組,護理學類
788,馬偕醫學院,護理學系,護理學類
789,國立金門大學,護理學系,護理學類
790,國立臺灣大學,醫學檢驗暨生物技術學系,醫學檢驗學類
791,國立成功大學,醫學檢驗生物技術學系,醫學檢驗學類
792,高雄醫學大學,醫學檢驗生物技術學系,醫學檢驗學類
793,中國醫藥大學,醫學檢驗生物技術學系,醫學檢驗學類
794,國立陽明大學,醫學生物技術暨檢驗學系,醫學檢驗學類
795,中山醫學大學,醫學檢驗暨生物技術學系,醫學檢驗學類
796,長庚大學,醫學生物技術暨檢驗學系,醫學檢驗學類
797,義守大學,醫學檢驗技術學系,醫學檢驗學類
798,慈濟大學,醫學檢驗生物技術學系,醫學檢驗學類
799,臺北醫學大學,醫學檢驗暨生物技術學系,醫學檢驗學類
800,亞洲大學,醫學檢驗暨生物技術學系(醫事檢驗組),醫學檢驗學類
801,亞洲大學,醫學檢驗暨生物技術學系(生物技術組),醫學檢驗學類
802,高雄醫學大學,醫學影像暨放射科學系,影像放射學類
803,中國醫藥大學,生物醫學影像暨放射科學學系,影像放射學類
804,國立陽明大學,生物醫學影像暨放射科學系,影像放射學類
805,中山醫學大學,醫學影像暨放射科學系,影像放射學類
806,長庚大學,醫學影像暨放射科學系,影像放射學類
807,義守大學,醫學影像暨放射科學系,影像放射學類
808,國立臺灣大學,藥學系,藥學學類
809,國立成功大學,藥學系,藥學學類
810,高雄醫學大學,藥學系,藥學學類
811,中國醫藥大學,藥學系,藥學學類
812,中國醫藥大學,中國藥學暨中藥資源學系,藥學學類
813,國立陽明大學,藥學系,藥學學類
814,臺北醫學大學,藥學系藥學組,藥學學類
815,臺北醫學大學,藥學系臨床藥學組,藥學學類
816,國立臺灣師範大學,營養科學學士學位學程,食品營養學類
817,中國醫藥大學,營養學系,食品營養學類
818,中國文化大學,保健營養學系,食品營養學類
819,靜宜大學,食品營養學系營養與保健組,食品營養學類
820,靜宜大學,食品營養學系食品與生物技術組,食品營養學類
821,輔仁大學,營養科學系,食品營養學類
822,中山醫學大學,營養學系,食品營養學類
823,中山醫學大學,健康餐飲暨產業管理學系,食品營養學類
824,大葉大學,藥用植物與保健學系,食品營養學類
825,義守大學,營養學系,食品營養學類
826,實踐大學,食品營養與保健生技學系(臺北校區),食品營養學類
827,長榮大學,保健營養學系,食品營養學類
828,長榮大學,環境與食品安全檢驗學士學位學程,食品營養學類
829,臺北醫學大學,保健營養學系,食品營養學類
830,開南大學,保健營養學系,食品營養學類
831,亞洲大學,食品營養與保健生技學系(食品營養組),食品營養學類
832,高雄醫學大學,呼吸治療學系,呼吸治療學類
833,輔仁大學,呼吸治療學系,呼吸治療學類
834,長庚大學,呼吸治療學系,呼吸治療學類
835,臺北醫學大學,呼吸治療學系,呼吸治療學類
836,東海大學,高齡健康與運動科學學士學位學程,健康照護學類
837,義守大學,健康管理學系,健康照護學類
838,長榮大學,醫學社會暨健康照護學士學位學程,健康照護學類
839,臺北醫學大學,高齡健康管理學系,健康照護學類
840,開南大學,健康產業管理學系,健康照護學類
841,開南大學,養生與健康行銷學系,健康照護學類
842,康寧大學,健康照護管理學系(台南校區),健康照護學類
843,康寧大學,長期照護學系(台北校區),健康照護學類
844,佛光大學,未來與樂活產業學系,健康照護學類
845,國立金門大學,長期照護學系,健康照護學類
846,高雄醫學大學,香粧品學系,化妝品學類
847,中國醫藥大學,藥用化妝品學系,化妝品學類
848,靜宜大學,化粧品科學系,化妝品學類
849,亞洲大學,食品營養與保健生技學系(保健化妝品組),化妝品學類
850,中山醫學大學,職業安全衛生學系,職業安全學類
851,長榮大學,職業安全與衛生學系,職業安全學類
852,國立臺灣大學,獸醫學系,獸醫學類
853,國立中興大學,獸醫學系,獸醫學類
854,國立嘉義大學,獸醫學系,獸醫學類
855,高雄醫學大學,醫務管理暨醫療資訊學系,醫務管理學類
856,輔仁大學,醫學資訊與創新應用學士學位學程,醫務管理學類
857,中山醫學大學,醫療產業科技管理學系,醫務管理學類
858,長庚大學,醫務管理學系,醫務管理學類
859,義守大學,醫務管理學系,醫務管理學類
860,銘傳大學,醫療資訊與管理學系健康產業管理組(桃園校區),醫務管理學類
861,銘傳大學,醫療資訊與管理學系醫療資訊組（桃園）,醫務管理學類
862,長榮大學,醫務管理學系,醫務管理學類
863,臺北醫學大學,醫務管理學系,醫務管理學類
864,亞洲大學,健康產業管理學系(健康產業管理組),醫務管理學類
865,亞洲大學,健康產業管理學系(醫療機構管理組),醫務管理學類
866,中山醫學大學,視光學系,視光學類
867,大葉大學,視光學系,視光學類
868,亞洲大學,視光學系,視光學類
869,中山醫學大學,語言治療與聽力學系語言治療組,語療聽力學類
870,中山醫學大學,語言治療與聽力學系聽力組,語療聽力學類
871,亞洲大學,聽力暨語言治療學系,語療聽力學類
872,馬偕醫學院,聽力暨語言治療學系聽力組,語療聽力學類
873,馬偕醫學院,聽力暨語言治療學系語言組,語療聽力學類
874,中山醫學大學,醫學資訊學系,生物資訊學類
875,中華大學,光電與材料工程學系(生醫光電組),生物資訊學類
876,慈濟大學,醫學資訊學系,生物資訊學類
877,亞洲大學,生物資訊與醫學工程學系(生醫資訊組),生物資訊學類
878,亞洲大學,生物資訊與醫學工程學系(醫學工程組),生物資訊學類
879,國立臺灣大學,農業化學系,生化學類
880,國立臺灣大學,生化科技學系,生化學類
881,國立中興大學,土壤環境科學系,生化學類
882,國立嘉義大學,生化科技學系,生化學類
883,國立臺灣大學,生命科學系,生命科學學類
884,國立臺灣師範大學,生命科學系,生命科學學類
885,國立中興大學,生命科學系,生命科學學類
886,國立成功大學,生命科學系,生命科學學類
887,東吳大學,微生物學系應用微生物組,生命科學學類
888,東吳大學,微生物學系生物科技組,生命科學學類
889,高雄醫學大學,生物醫學暨環境生物學系,生命科學學類
890,高雄醫學大學,生命科學院學士班,生命科學學類
891,東海大學,生命科學系生物醫學組,生命科學學類
892,國立清華大學,生命科學系,生命科學學類
893,國立清華大學,生命科學院學士班,生命科學學類
894,國立中央大學,生命科學系,生命科學學類
895,中國文化大學,生命科學系,生命科學學類
896,輔仁大學,生命科學系,生命科學學類
897,國立臺灣海洋大學,生命科學暨生物科技學系,生命科學學類
898,國立彰化師範大學,生物學系,生命科學學類
899,國立陽明大學,生命科學系暨基因體科學研究所,生命科學學類
900,國立中山大學,生物科學系,生命科學學類
901,長庚大學,生物醫學系,生命科學學類
902,國立東華大學,生命科學系,生命科學學類
903,國立臺東大學,生命科學系,生命科學學類
904,國立中正大學,生物醫學科學系,生命科學學類
905,大葉大學,生物資源學系,生命科學學類
906,國立嘉義大學,水生生物科學系,生命科學學類
907,國立嘉義大學,生物資源學系,生命科學學類
908,國立嘉義大學,微生物免疫與生物藥學系,生命科學學類
909,國立高雄大學,生命科學系,生命科學學類
910,慈濟大學,生命科學系,生命科學學類
911,國立中興大學,生物科技學士學位學程,生物科技學類
912,國立成功大學,生物科技與產業科學系,生物科技學類
913,高雄醫學大學,生物科技學系,生物科技學類
914,中原大學,生物科技學系,生物科技學類
915,國立清華大學,醫學科學系,生物科技學類
916,中國醫藥大學,生物科技學系,生物科技學類
917,國立交通大學,生物科技學系,生物科技學類
918,國立臺灣海洋大學,海洋生物科技學士學位學程,生物科技學類
919,國立高雄師範大學,生物科技系,生物科技學類
920,中山醫學大學,生物醫學科學學系,生物科技學類
921,國立臺南大學,生物科技學系,生物科技學類
922,大葉大學,生物醫學系,生物科技學類
923,義守大學,生物科技學系,生物科技學類
924,銘傳大學,生物科技學系(桃園校區),生物科技學類
925,銘傳大學,生物科技學系生物醫學組(桃園校區),生物科技學類
926,銘傳大學,生物科技學系食品生技組(桃園校區),生物科技學類
927,長榮大學,生物科技學系,生物科技學類
928,長榮大學,醫藥科學產業學系,生物科技學類
929,南華大學,自然生物科技學系,生物科技學類
930,國立嘉義大學,生物農業科技學系,生物科技學類
931,慈濟大學,分子生物暨人類遺傳學系,生物科技學類
932,國立臺灣大學,昆蟲學系,植物保護學類
933,國立臺灣大學,植物病理與微生物學系,植物保護學類
934,國立中興大學,植物病理學系,植物保護學類
935,國立中興大學,昆蟲學系,植物保護學類
936,國立嘉義大學,植物醫學系,植物保護學類
937,國立中興大學,食品暨應用生物科技學系,食品生技學類
938,東海大學,食品科學系,食品生技學類
939,輔仁大學,食品科學系,食品生技學類
940,國立臺灣海洋大學,食品科學系食品科學組,食品生技學類
941,國立臺灣海洋大學,食品科學系生物科技組,食品生技學類
942,大葉大學,食品暨應用生物科技學系,食品生技學類
943,國立嘉義大學,食品科學系,食品生技學類
944,臺北醫學大學,食品安全學系,食品生技學類
945,國立宜蘭大學,食品科學系,食品生技學類
946,國立金門大學,食品科學系,食品生技學類
947,國立臺灣大學,醫學工程學系,生醫工程學類
948,國立成功大學,生物醫學工程學系,生醫工程學類
949,中原大學,生物醫學工程學系,生醫工程學類
950,國立清華大學,生醫工程與環境科學系,生醫工程學類
951,國立中央大學,生醫科學與工程學系,生醫工程學類
952,國立陽明大學,生物醫學工程學系,生醫工程學類
953,大葉大學,醫療器材設計與材料學士學位學程,生醫工程學類
954,大葉大學,醫學工程學系,生醫工程學類
955,義守大學,生物醫學工程學系,生醫工程學類
956,銘傳大學,生物醫學工程學系專利醫材組(桃園校區),生醫工程學類
957,銘傳大學,生物醫學工程學系智慧醫療組(桃園校區),生醫工程學類
958,臺北醫學大學,生物醫學工程學系,生醫工程學類
959,東海大學,生命科學系生態暨生物多樣性組,生態學類
960,靜宜大學,生態人文學系,生態學類
961,國立臺南大學,生態暨環境資源學系,生態學類
962,國立東華大學,自然資源與環境學系,生態學類
963,國立臺灣大學,獸醫學系,獸醫學類
964,國立中興大學,獸醫學系,獸醫學類
965,國立嘉義大學,獸醫學系,獸醫學類
966,國立臺灣大學,昆蟲學系,植物保護學類
967,國立臺灣大學,植物病理與微生物學系,植物保護學類
968,國立中興大學,植物病理學系,植物保護學類
969,國立中興大學,昆蟲學系,植物保護學類
970,國立嘉義大學,植物醫學系,植物保護學類
971,東海大學,生命科學系生態暨生物多樣性組,生態學類
972,靜宜大學,生態人文學系,生態學類
973,國立臺南大學,生態暨環境資源學系,生態學類
974,國立東華大學,自然資源與環境學系,生態學類
975,國立臺灣大學,農藝學系,農藝學類
976,國立中興大學,農藝學系,農藝學類
977,國立嘉義大學,農藝學系,農藝學類
978,國立臺灣大學,動物科學技術學系,動物科學學類
979,國立中興大學,動物科學系,動物科學學類
980,東海大學,畜產與生物科技學系,動物科學學類
981,中國文化大學,動物科學系,動物科學學類
982,國立嘉義大學,動物科學系,動物科學學類
983,國立宜蘭大學,生物技術與動物科學系,動物科學學類
984,國立臺灣大學,園藝暨景觀學系,園藝學類
985,國立中興大學,園藝學系,園藝學類
986,中國文化大學,園藝暨生物技術學系,園藝學類
987,國立嘉義大學,園藝學系,園藝學類
988,明道大學,精緻農業學系,園藝學類
989,國立宜蘭大學,園藝學系,園藝學類
990,國立臺灣大學,森林環境暨資源學系,森林學類
991,國立中興大學,森林學系林學組,森林學類
992,國立中興大學,森林學系木材科學組,森林學類
993,中國文化大學,森林暨自然保育學系,森林學類
994,國立嘉義大學,森林暨自然資源學系,森林學類
995,國立嘉義大學,木質材料與設計學系,森林學類
996,國立宜蘭大學,森林暨自然資源學系,森林學類
997,國立臺灣海洋大學,水產養殖學系,海洋資源學類
998,國立臺灣海洋大學,環境生物與漁業科學學系,海洋資源學類
999,國立中山大學,海洋生物科技暨資源學系,海洋資源學類
1000,國立中興大學,食品暨應用生物科技學系,食品生技學類
1001,東海大學,食品科學系,食品生技學類
1002,輔仁大學,食品科學系,食品生技學類
1003,國立臺灣海洋大學,食品科學系食品科學組,食品生技學類
1004,國立臺灣海洋大學,食品科學系生物科技組,食品生技學類
1005,大葉大學,食品暨應用生物科技學系,食品生技學類
1006,國立嘉義大學,食品科學系,食品生技學類
1007,臺北醫學大學,食品安全學系,食品生技學類
1008,國立宜蘭大學,食品科學系,食品生技學類
1009,國立金門大學,食品科學系,食品生技學類
1010,國立臺灣大學,生物環境系統工程學系,環境工程學類
1011,國立中興大學,環境工程學系,環境工程學類
1012,國立成功大學,環境工程學系,環境工程學類
1013,中原大學,環境工程學系,環境工程學類
1014,東海大學,環境科學與工程學系,環境工程學類
1015,淡江大學,水資源及環境工程學系環境工程組,環境工程學類
1016,逢甲大學,環境工程與科學學系,環境工程學類
1017,大葉大學,環境工程學系,環境工程學類
1018,長榮大學,綠能與環境資源學系,環境工程學類
1019,國立高雄大學,土木與環境工程學系環境工程組,環境工程學類
1020,國立宜蘭大學,環境工程學系,環境工程學類
1021,國立聯合大學,環境與安全衛生工程學系,環境工程學類
1022,國立臺灣大學,地質科學系,地球科學學類
1023,國立臺灣師範大學,地球科學系,地球科學學類
1024,國立成功大學,地球科學系,地球科學學類
1025,國立中央大學,地球科學學系,地球科學學類
1026,國立中央大學,地球科學學院學士班  (問卷填答中),地球科學學類
1027,中國文化大學,地質學系,地球科學學類
1028,國立中正大學,地球與環境科學系,地球科學學類
1029,國立臺灣大學,地理環境資源學系,地理學類
1030,國立臺灣師範大學,地理學系,地理學類
1031,中國文化大學,地理學系,地理學類
1032,國立高雄師範大學,地理學系,地理學類
1033,國立彰化師範大學,地理學系,地理學類
1034,國立臺灣海洋大學,海洋環境資訊系,海洋科學學類
1035,國立中山大學,海洋科學系,海洋科學學類
1036,國立臺灣大學,大氣科學系,大氣科學學類
1037,國立中央大學,大氣科學學系,大氣科學學類
1038,中國文化大學,大氣科學系,大氣科學學類
1039,國立中興大學,水土保持學系,防災學類
1040,大葉大學,消防安全學士學位學程,防災學類
1041,長榮大學,消防安全學士學位學程,防災學類
1042,國立臺南大學,文化與自然資源學系,史地學類
1043,國立東華大學,臺灣文化學系,史地學類
1044,臺北市立大學,歷史與地理學系,史地學類
1045,國立嘉義大學,應用歷史學系,史地學類
1046,國立臺灣大學,工程科學及海洋工程學系,工程科學學類
1047,國立成功大學,資源工程學系,工程科學學類
1048,國立成功大學,工程科學系,工程科學學類
1049,國立成功大學,系統及船舶機電工程學系,工程科學學類
1050,國立清華大學,工程與系統科學系甲組(低碳綠能組),工程科學學類
1051,國立清華大學,工程與系統科學系乙組(智慧奈米系統組),工程科學學類
1052,國立清華大學,原子科學院學士班,工程科學學類
1053,國立臺灣海洋大學,系統工程暨造船學系,工程科學學類
1054,國立臺南大學,綠色能源科技學系,工程科學學類
1055,國立聯合大學,能源工程學系,工程科學學類
1056,國立成功大學,水利及海洋工程學系,水利工程學類
1057,淡江大學,水資源及環境工程學系水資源工程組,水利工程學類
1058,逢甲大學,水利工程與資源保育學系,水利工程學類
1059,國立臺灣海洋大學,河海工程學系,水利工程學類
1060,國立臺灣海洋大學,海洋工程科技學士學位學程,水利工程學類
1061,國立中山大學,海洋環境及工程學系,水利工程學類
1062,國立嘉義大學,土木與水資源工程學系,水利工程學類
1063,大同大學,媒體設計學系互動媒體設計組,媒體設計學類
1064,大同大學,媒體設計學系數位遊戲設計組,媒體設計學類
1065,國立臺北藝術大學,動畫學系,媒體設計學類
1066,國立臺北教育大學,數位科技設計學系,媒體設計學類
1067,大葉大學,多媒體數位內容學士學位學程,媒體設計學類
1068,華梵大學,攝影與VR設計學系攝影與科技藝術組,媒體設計學類
1069,義守大學,數位多媒體設計學系,媒體設計學類
1070,銘傳大學,數位媒體設計學系(桃園校區),媒體設計學類
1071,銘傳大學,動漫文創設計學士學位學程(桃園校區),媒體設計學類
1072,世新大學,數位多媒體設計學系動畫設計組,媒體設計學類
1073,世新大學,數位多媒體設計學系遊戲設計組,媒體設計學類
1074,實踐大學,媒體傳達設計學系(臺北校區),媒體設計學類
1075,實踐大學,資訊模擬與設計學系(高雄校區),媒體設計學類
1076,實踐大學,電腦動畫學士學位學程(高雄校區),媒體設計學類
1077,長榮大學,資訊暨設計學院學士班(數位內容設計組),媒體設計學類
1078,長榮大學,資訊暨設計學院學士班(互動設計組),媒體設計學類
1079,長榮大學,資訊暨設計學院學士班(媒體設計組),媒體設計學類
1080,開南大學,電影與創意媒體學系,媒體設計學類
1081,稻江科技暨管理學院,動畫遊戲設計學系,媒體設計學類
1082,明道大學,數位設計學系,媒體設計學類
1083,亞洲大學,行動商務與多媒體應用學系(多媒體應用組),媒體設計學類
1084,亞洲大學,行動商務與多媒體應用學系(行動商務組),媒體設計學類
1085,亞洲大學,數位媒體設計學系(數位遊戲設計組),媒體設計學類
1086,亞洲大學,數位媒體設計學系(數位動畫設計組),媒體設計學類
1087,國立成功大學,建築學系,建築學類
1088,中原大學,建築學系,建築學類
1089,東海大學,建築學系,建築學類
1090,淡江大學,建築學系,建築學類
1091,逢甲大學,建築專業學院學士班,建築學類
1092,中國文化大學,建築及都市設計學系,建築學類
1093,中華大學,建築與都市計畫學系,建築學類
1094,銘傳大學,建築學系(桃園校區),建築學類
1095,實踐大學,建築設計學系(臺北校區),建築學類
1096,南華大學,建築與景觀學系社會組,建築學類
1097,南華大學,建築與景觀學系自然組,建築學類
1098,國立高雄大學,建築學系,建築學類
1099,國立聯合大學,建築學系,建築學類
1100,國立金門大學,建築學系,建築學類
1101,國立成功大學,都市計劃學系,都市計畫學類
1102,國立政治大學,地政學系土地資源規劃組,都市計畫學類
1103,逢甲大學,都市計畫與空間資訊學系,都市計畫學類
1104,中國文化大學,都市計劃與開發管理學系,都市計畫學類
1105,臺北市立大學,城市發展學系,都市計畫學類
1106,銘傳大學,都市規劃與防災學系(桃園校區),都市計畫學類
1107,國立中興大學,景觀與遊憩學士學位學程,空間設計學類
1108,中原大學,室內設計學系,空間設計學類
1109,中原大學,景觀學系,空間設計學類
1110,東海大學,景觀學系,空間設計學類
1111,中國文化大學,景觀學系,空間設計學類
1112,輔仁大學,景觀設計學系,空間設計學類
1113,大葉大學,空間設計學系(建築組),空間設計學類
1114,大葉大學,空間設計學系(室內設計組),空間設計學類
1115,中華大學,景觀建築學系(景觀設計組),空間設計學類
1116,華梵大學,智慧生活設計學系空間設計組,空間設計學類
1117,國立嘉義大學,景觀學系,空間設計學類
1118,明道大學,景觀與環境設計學系,空間設計學類
1119,亞洲大學,室內設計學系(商業空間組),空間設計學類
1120,亞洲大學,室內設計學系(住宅空間組),空間設計學類
1121,亞洲大學,室內設計學系(智慧空間組)  (問卷填答中),空間設計學類
1122,國立金門大學,都市計畫與景觀學系,空間設計學類
1123,國立成功大學,工業設計學系,工業設計學類
1124,東海大學,工業設計學系,工業設計學類
1125,大同大學,工業設計學系,工業設計學類
1126,國立高雄師範大學,工業設計學系,工業設計學類
1127,長庚大學,工業設計學系,工業設計學類
1128,大葉大學,工業設計學系,工業設計學類
1129,中華大學,景觀建築學系(產品設計組),工業設計學類
1130,華梵大學,智慧生活設計學系創意產品與汽車設計組,工業設計學類
1131,銘傳大學,商品設計學系(桃園校區),工業設計學類
1132,實踐大學,工業產品設計學系(臺北校區),工業設計學類
1133,佛光大學,產品與媒體設計學系,工業設計學類
1134,亞洲大學,創意商品設計學系(創意商品設計組),工業設計學類
1135,亞洲大學,創意商品設計學系(科技商品設計組),工業設計學類
1136,國立聯合大學,工業設計學系,工業設計學類
1137,國立臺灣藝術大學,古蹟藝術修護學系,工藝學類
1138,國立臺灣藝術大學,工藝設計學系,工藝學類
1139,中原大學,商業設計學系商業設計組,商業設計學類
1140,中原大學,商業設計學系產品設計組,商業設計學類
1141,大葉大學,視覺傳達設計學系,商業設計學類
1142,義守大學,創意商品設計學系,商業設計學類
1143,銘傳大學,商業設計學系(桃園校區),商業設計學類
1144,玄奘大學,視覺傳達設計學系,商業設計學類
1145,亞洲大學,視覺傳達設計學系,商業設計學類
1146,輔仁大學,織品服裝學系織品設計組,服裝設計學類
1147,輔仁大學,織品服裝學系服飾設計組,服裝設計學類
1148,輔仁大學,織品服裝學系織品服飾行銷組,服裝設計學類
1149,銘傳大學,時尚與創新管理學士學位學程（全英語授課．臺北）,服裝設計學類
1150,實踐大學,服裝設計學系(臺北校區),服裝設計學類
1151,實踐大學,服飾設計與經營學系(高雄校區),服裝設計學類
1152,玄奘大學,時尚設計學系,服裝設計學類
1153,明道大學,時尚造形學系,服裝設計學類
1154,亞洲大學,時尚設計學系(時尚服裝設計組),服裝設計學類
1155,亞洲大學,時尚設計學系服飾創意設計組,服裝設計學類
1156,國立臺灣師範大學,設計學系產品設計組,藝術設計學類
1157,國立臺灣師範大學,設計學系視覺設計組,藝術設計學類
1158,國立清華大學,藝術與設計學系設計組,藝術設計學類
1159,國立清華大學,藝術與設計學系創作組,藝術設計學類
1160,輔仁大學,應用美術學系,藝術設計學類
1161,國立臺灣海洋大學,海洋文創設計產業學士學位學程,藝術設計學類
1162,國立高雄師範大學,視覺設計學系,藝術設計學類
1163,國立臺北藝術大學,劇場設計學系,藝術設計學類
1164,國立臺北藝術大學,新媒體藝術學系,藝術設計學類
1165,國立臺北教育大學,藝術與造形設計學系設計組,藝術設計學類
1166,國立臺北教育大學,藝術與造形設計學系藝術組,藝術設計學類
1167,國立東華大學,藝術與設計學系,藝術設計學類
1168,臺北市立大學,視覺藝術學系,藝術設計學類
1169,國立屏東大學,視覺藝術學系(數位媒體設計組),藝術設計學類
1170,國立屏東大學,視覺藝術學系(造形藝術組),藝術設計學類
1171,國立臺東大學,美術產業學系,藝術設計學類
1172,元智大學,藝術與設計學系,藝術設計學類
1173,大葉大學,造形藝術學系,藝術設計學類
1174,華梵大學,美術與文創學系文創設計組,藝術設計學類
1175,實踐大學,時尚設計學系(高雄校區),藝術設計學類
1176,長榮大學,台灣文化創意產業學士學位學程,藝術設計學類
1177,國立臺灣藝術大學,視覺傳達設計學系,藝術設計學類
1178,國立臺灣藝術大學,多媒體動畫藝術學系,藝術設計學類
1179,南華大學,視覺藝術與設計學系,藝術設計學類
1180,南華大學,產品與室內設計學系,藝術設計學類
1181,國立臺南藝術大學,材質創作與設計系,藝術設計學類
1182,玄奘大學,藝術與創意設計學系,藝術設計學類
1183,玄奘大學,藝術設計學院學士班,藝術設計學類
1184,國立高雄大學,工藝與創意設計學系,藝術設計學類
1185,稻江科技暨管理學院,時尚美容藝術管理學系,藝術設計學類
1186,亞洲大學,創意設計學院不分系國際設計學士班,不分系學類
1187,國立臺灣師範大學,美術學系繪畫組,美術學類
1188,國立臺灣師範大學,美術學系水墨畫組,美術學類
1189,東海大學,美術學系,美術學類
1190,國立清華大學,藝術學院學士班,美術學類
1191,中國文化大學,美術學系,美術學類
1192,國立高雄師範大學,美術學系  (問卷填答中),美術學類
1193,國立彰化師範大學,美術學系,美術學類
1194,國立臺北藝術大學,美術學系,美術學類
1195,國立臺中教育大學,美術學系,美術學類
1196,國立臺南大學,視覺藝術與設計學系,美術學類
1197,華梵大學,美術與文創學系美術創作組,美術學類
1198,華梵大學,佛教藝術學系,美術學類
1199,長榮大學,美術學系,美術學類
1200,長榮大學,書畫藝術學系,美術學類
1201,國立臺灣藝術大學,美術學系,美術學類
1202,國立臺灣藝術大學,書畫藝術學系,美術學類
1203,國立臺灣藝術大學,雕塑學系,美術學類
1204,國立嘉義大學,視覺藝術學系,美術學類
1205,國立臺灣師範大學,音樂學系,音樂學類
1206,東吳大學,音樂學系,音樂學類
1207,東海大學,音樂學系,音樂學類
1208,國立清華大學,音樂學系,音樂學類
1209,中國文化大學,音樂學系,音樂學類
1210,中國文化大學,中國音樂學系,音樂學類
1211,輔仁大學,音樂學系,音樂學類
1212,國立高雄師範大學,音樂學系,音樂學類
1213,國立中山大學,音樂學系,音樂學類
1214,國立中山大學,音樂學系創作與應用組,音樂學類
1215,國立臺北藝術大學,傳統音樂學系,音樂學類
1216,國立臺北藝術大學,音樂學系,音樂學類
1217,國立臺中教育大學,音樂學系,音樂學類
1218,國立臺北教育大學,音樂學系,音樂學類
1219,國立臺南大學,音樂學系,音樂學類
1220,國立東華大學,音樂學系,音樂學類
1221,臺北市立大學,音樂學系,音樂學類
1222,國立屏東大學,音樂學系,音樂學類
1223,國立臺東大學,音樂學系,音樂學類
1224,國立臺東大學,音樂學系〈原住民生〉,音樂學類
1225,實踐大學,音樂學系(臺北校區),音樂學類
1226,國立臺灣藝術大學,音樂學系,音樂學類
1227,國立臺灣藝術大學,中國音樂學系,音樂學類
1228,南華大學,民族音樂學系,音樂學類
1229,國立臺南藝術大學,應用音樂學系,音樂學類
1230,真理大學,音樂應用學系,音樂學類
1231,國立嘉義大學,音樂學系,音樂學類
1232,國立臺灣大學,戲劇學系,表演藝術學類
1233,國立臺灣師範大學,表演藝術學士學位學程,表演藝術學類
1234,中國文化大學,戲劇學系,表演藝術學類
1235,中國文化大學,中國戲劇學系,表演藝術學類
1236,國立中山大學,劇場藝術學系,表演藝術學類
1237,國立臺北藝術大學,戲劇學系,表演藝術學類
1238,國立臺北藝術大學,舞蹈學系,表演藝術學類
1239,國立臺南大學,戲劇創作與應用學系,表演藝術學類
1240,國立東華大學,原住民族樂舞與藝術學士學位學程,表演藝術學類
1241,國立臺灣藝術大學,戲劇學系,表演藝術學類
1242,玄奘大學,影劇藝術學系,表演藝術學類
1243,稻江科技暨管理學院,表演藝術學士學位學程,表演藝術學類
1244,國立臺灣師範大學,設計學系產品設計組,藝術設計學類
1245,國立臺灣師範大學,設計學系視覺設計組,藝術設計學類
1246,國立清華大學,藝術與設計學系設計組,藝術設計學類
1247,國立清華大學,藝術與設計學系創作組,藝術設計學類
1248,輔仁大學,應用美術學系,藝術設計學類
1249,國立臺灣海洋大學,海洋文創設計產業學士學位學程,藝術設計學類
1250,國立高雄師範大學,視覺設計學系,藝術設計學類
1251,國立臺北藝術大學,劇場設計學系,藝術設計學類
1252,國立臺北藝術大學,新媒體藝術學系,藝術設計學類
1253,國立臺北教育大學,藝術與造形設計學系設計組,藝術設計學類
1254,國立臺北教育大學,藝術與造形設計學系藝術組,藝術設計學類
1255,國立東華大學,藝術與設計學系,藝術設計學類
1256,臺北市立大學,視覺藝術學系,藝術設計學類
1257,國立屏東大學,視覺藝術學系(數位媒體設計組),藝術設計學類
1258,國立屏東大學,視覺藝術學系(造形藝術組),藝術設計學類
1259,國立臺東大學,美術產業學系,藝術設計學類
1260,元智大學,藝術與設計學系,藝術設計學類
1261,大葉大學,造形藝術學系,藝術設計學類
1262,華梵大學,美術與文創學系文創設計組,藝術設計學類
1263,實踐大學,時尚設計學系(高雄校區),藝術設計學類
1264,長榮大學,台灣文化創意產業學士學位學程,藝術設計學類
1265,國立臺灣藝術大學,視覺傳達設計學系,藝術設計學類
1266,國立臺灣藝術大學,多媒體動畫藝術學系,藝術設計學類
1267,南華大學,視覺藝術與設計學系,藝術設計學類
1268,南華大學,產品與室內設計學系,藝術設計學類
1269,國立臺南藝術大學,材質創作與設計系,藝術設計學類
1270,玄奘大學,藝術與創意設計學系,藝術設計學類
1271,玄奘大學,藝術設計學院學士班,藝術設計學類
1272,國立高雄大學,工藝與創意設計學系,藝術設計學類
1273,稻江科技暨管理學院,時尚美容藝術管理學系,藝術設計學類
1274,國立成功大學,工業設計學系,工業設計學類
1275,東海大學,工業設計學系,工業設計學類
1276,大同大學,工業設計學系,工業設計學類
1277,國立高雄師範大學,工業設計學系,工業設計學類
1278,長庚大學,工業設計學系,工業設計學類
1279,大葉大學,工業設計學系,工業設計學類
1280,中華大學,景觀建築學系(產品設計組),工業設計學類
1281,華梵大學,智慧生活設計學系創意產品與汽車設計組,工業設計學類
1282,銘傳大學,商品設計學系(桃園校區),工業設計學類
1283,實踐大學,工業產品設計學系(臺北校區),工業設計學類
1284,佛光大學,產品與媒體設計學系,工業設計學類
1285,亞洲大學,創意商品設計學系(創意商品設計組),工業設計學類
1286,亞洲大學,創意商品設計學系(科技商品設計組),工業設計學類
1287,國立聯合大學,工業設計學系,工業設計學類
1288,國立臺灣藝術大學,古蹟藝術修護學系,工藝學類
1289,國立臺灣藝術大學,工藝設計學系,工藝學類
1290,中原大學,商業設計學系商業設計組,商業設計學類
1291,中原大學,商業設計學系產品設計組,商業設計學類
1292,大葉大學,視覺傳達設計學系,商業設計學類
1293,義守大學,創意商品設計學系,商業設計學類
1294,銘傳大學,商業設計學系(桃園校區),商業設計學類
1295,玄奘大學,視覺傳達設計學系,商業設計學類
1296,亞洲大學,視覺傳達設計學系,商業設計學類
1297,輔仁大學,織品服裝學系織品設計組,服裝設計學類
1298,輔仁大學,織品服裝學系服飾設計組,服裝設計學類
1299,輔仁大學,織品服裝學系織品服飾行銷組,服裝設計學類
1300,銘傳大學,時尚與創新管理學士學位學程（全英語授課．臺北）,服裝設計學類
1301,實踐大學,服裝設計學系(臺北校區),服裝設計學類
1302,實踐大學,服飾設計與經營學系(高雄校區),服裝設計學類
1303,玄奘大學,時尚設計學系,服裝設計學類
1304,明道大學,時尚造形學系,服裝設計學類
1305,亞洲大學,時尚設計學系(時尚服裝設計組),服裝設計學類
1306,亞洲大學,時尚設計學系服飾創意設計組,服裝設計學類
1307,中國文化大學,舞蹈學系,舞蹈學類
1308,臺北市立大學,舞蹈學系,舞蹈學類
1309,國立臺灣藝術大學,舞蹈學系,舞蹈學類
1310,國立臺灣體育運動大學,舞蹈學系,舞蹈學類
1311,亞洲大學,創意設計學院不分系國際設計學士班,不分系學類
1312,國立臺灣大學,心理學系,心理學類
1313,國立成功大學,心理學系,心理學類
1314,東吳大學,心理學系,心理學類
1315,國立政治大學,心理學系,心理學類
1316,高雄醫學大學,心理學系,心理學類
1317,中原大學,心理學系,心理學類
1318,輔仁大學,臨床心理學系,心理學類
1319,輔仁大學,心理學系,心理學類
1320,中山醫學大學,心理學系,心理學類
1321,國立東華大學,諮商與臨床心理學系,心理學類
1322,國立中正大學,心理學系,心理學類
1323,銘傳大學,諮商與工商心理學系(桃園校區),心理學類
1324,世新大學,社會心理學系,心理學類
1325,長榮大學,健康心理學系,心理學類
1326,玄奘大學,應用心理學系,心理學類
1327,慈濟大學,人類發展與心理學系,心理學類
1328,佛光大學,心理學系,心理學類
1329,亞洲大學,心理學系(心理師研修組),心理學類
1330,亞洲大學,心理學系(諮商與臨床心理組),心理學類
1331,亞洲大學,心理學系(工商與社會心理組),心理學類
1332,國立臺灣大學,社會學系,社會學學類
1333,東吳大學,社會學系,社會學學類
1334,國立政治大學,社會學系,社會學學類
1335,東海大學,社會學系,社會學學類
1336,國立清華大學,人文社會學院學士班,社會學學類
1337,國立中央大學,客家語文暨社會科學學系,社會學學類
1338,輔仁大學,社會學系,社會學學類
1339,國立中山大學,社會學系,社會學學類
1340,國立東華大學,社會學系,社會學學類
1341,國立屏東大學,社會發展學系,社會學學類
1342,元智大學,社會暨政策科學學系,社會學學類
1343,元智大學,人文社會學院英語學士班,社會學學類
1344,南華大學,生死學系社會工作組,社會學學類
1345,南華大學,生死學系殯葬服務組,社會學學類
1346,南華大學,生死學系諮商組,社會學學類
1347,南華大學,應用社會學系社會學組,社會學學類
1348,國立臺北大學,社會學系,社會學學類
1349,佛光大學,社會學暨社會工作學系,社會學學類
1350,國立臺灣大學,社會工作學系,社會工作學類
1351,東吳大學,社會工作學系,社會工作學類
1352,高雄醫學大學,醫學社會學與社會工作學系,社會工作學類
1353,東海大學,社會工作學系,社會工作學類
1354,中國文化大學,社會福利學系,社會工作學類
1355,靜宜大學,社會工作與兒童少年福利學系,社會工作學類
1356,輔仁大學,社會工作學系,社會工作學類
1357,中山醫學大學,醫學社會暨社會工作學系,社會工作學類
1358,國立東華大學,民族社會工作學士學位學程,社會工作學類
1359,國立中正大學,社會福利學系,社會工作學類
1360,實踐大學,社會工作學系(臺北校區),社會工作學類
1361,長榮大學,社會工作學系,社會工作學類
1362,國立暨南國際大學,社會政策與社會工作學系,社會工作學類
1363,南華大學,應用社會學系社會工作組,社會工作學類
1364,玄奘大學,社會工作學系,社會工作學類
1365,國立臺北大學,社會工作學系,社會工作學類
1366,慈濟大學,社會工作學系,社會工作學類
1367,稻江科技暨管理學院,社會工作學系,社會工作學類
1368,亞洲大學,社會工作學系(社工心理雙專業組),社會工作學類
1369,亞洲大學,社會工作學系(醫務社工與長期照顧雙專業組),社會工作學類
1370,國立金門大學,社會工作學系,社會工作學類
1371,國立臺灣大學,人類學系,人類民族學類
1372,國立政治大學,民族學系,人類民族學類
1373,國立交通大學,人文社會學系,人類民族學類
1374,國立東華大學,族群關係與文化學系,人類民族學類
1375,國立東華大學,民族事務與發展學系,人類民族學類
1376,國立臺灣師範大學,人類發展與家庭學系家庭生活教育組,兒童家庭學類
1377,國立臺灣師範大學,人類發展與家庭學系幼兒發展與教育組,兒童家庭學類
1378,中國文化大學,生活應用科學系,兒童家庭學類
1379,輔仁大學,兒童與家庭學系,兒童家庭學類
1380,實踐大學,家庭研究與兒童發展學系(臺北校區),兒童家庭學類
1381,慈濟大學,兒童發展與家庭教育學系,兒童家庭學類
1382,輔仁大學,宗教學系,宗教學類
1383,玄奘大學,宗教與文化學系,宗教學類
1384,真理大學,宗教文化與資訊管理學系,宗教學類
1385,國立臺灣師範大學,教育心理與輔導學系,輔導諮商學類
1386,國立清華大學,教育心理與諮商學系,輔導諮商學類
1387,中國文化大學,心理輔導學系,輔導諮商學類
1388,國立彰化師範大學,輔導與諮商學系學校輔導與諮商組,輔導諮商學類
1389,國立彰化師範大學,輔導與諮商學系社區輔導與諮商組,輔導諮商學類
1390,國立臺中教育大學,諮商與應用心理學系,輔導諮商學類
1391,國立臺北教育大學,心理與諮商學系,輔導諮商學類
1392,國立臺南大學,諮商與輔導學系,輔導諮商學類
1393,臺北市立大學,心理與諮商學系,輔導諮商學類
1394,國立屏東大學,教育心理與輔導學系,輔導諮商學類
1395,國立暨南國際大學,諮商心理與人力資源發展學系諮商心理組,輔導諮商學類
1396,國立嘉義大學,輔導與諮商學系,輔導諮商學類
1397,國立中正大學,犯罪防治學系,犯罪防治學類
1398,銘傳大學,犯罪防治學系(桃園校區),犯罪防治學類
1399,中國文化大學,勞動暨人力資源學系,勞工關係學類
1400,國立中正大學,勞工關係學系,勞工關係學類
1401,淡江大學,資訊傳播學系,資訊傳播學類
1402,中國文化大學,資訊傳播學系,資訊傳播學類
1403,靜宜大學,資訊傳播工程學系,資訊傳播學類
1404,元智大學,資訊傳播學系設計組,資訊傳播學類
1405,元智大學,資訊傳播學系科技組,資訊傳播學類
1406,華梵大學,攝影與VR設計學系VR與互動媒體組,資訊傳播學類
1407,銘傳大學,資訊傳播工程學系(桃園校區),資訊傳播學類
1408,世新大學,資訊傳播學系,資訊傳播學類
1409,國立臺灣體育運動大學,運動資訊與傳播學系(傳播組),資訊傳播學類
1410,國立臺灣體育運動大學,運動資訊與傳播學系(資訊組),資訊傳播學類
1411,真理大學,運動資訊傳播學系,資訊傳播學類
1412,開南大學,資訊傳播學系,資訊傳播學類
1413,明道大學,資訊傳播學系,資訊傳播學類
1414,亞洲大學,資訊傳播學系智慧傳播應用組,資訊傳播學類
1415,亞洲大學,資訊傳播學系新媒體傳播內容組,資訊傳播學類
1416,國立臺灣大學,生物產業傳播暨發展學系,大眾傳播學類
1417,國立臺灣師範大學,圖文傳播學系,大眾傳播學類
1418,國立政治大學,傳播學院大一大二不分系,大眾傳播學類
1419,國立交通大學,傳播與科技學系,大眾傳播學類
1420,淡江大學,大眾傳播學系,大眾傳播學類
1421,中國文化大學,大眾傳播學系,大眾傳播學類
1422,靜宜大學,大眾傳播學系,大眾傳播學類
1423,國立東華大學,民族語言與傳播學系,大眾傳播學類
1424,國立中正大學,傳播學系,大眾傳播學類
1425,大葉大學,傳播藝術學士學位學程,大眾傳播學類
1426,義守大學,大眾傳播學系,大眾傳播學類
1427,義守大學,傳播產製英語學士學位學程,大眾傳播學類
1428,銘傳大學,新媒體暨傳播管理學系(台北校區),大眾傳播學類
1429,銘傳大學,新聞與大眾傳播學士學位學程（全英語授課．臺北）,大眾傳播學類
1430,世新大學,圖文傳播暨數位出版學系,大眾傳播學類
1431,世新大學,口語傳播暨社群媒體學系,大眾傳播學類
1432,世新大學,傳播管理學系,大眾傳播學類
1433,長榮大學,大眾傳播學系,大眾傳播學類
1434,國立臺灣藝術大學,圖文傳播藝術學系,大眾傳播學類
1435,南華大學,傳播學系,大眾傳播學類
1436,玄奘大學,大眾傳播學系,大眾傳播學類
1437,慈濟大學,傳播學系,大眾傳播學類
1438,佛光大學,傳播學系,大眾傳播學類
1439,輔仁大學,影像傳播學系,廣電電影學類
1440,國立臺北藝術大學,電影創作學系,廣電電影學類
1441,義守大學,娛樂事業管理學系(國際學院),廣電電影學類
1442,義守大學,電影與電視學系,廣電電影學類
1443,銘傳大學,廣播電視學系(台北校區),廣電電影學類
1444,世新大學,廣播電視電影學系廣播組,廣電電影學類
1445,世新大學,廣播電視電影學系電視組,廣電電影學類
1446,世新大學,廣播電視電影學系電影組,廣電電影學類
1447,國立臺灣藝術大學,廣播電視學系,廣電電影學類
1448,國立臺灣藝術大學,電影學系,廣電電影學類
1449,中國文化大學,新聞學系,新聞學類
1450,輔仁大學,新聞傳播學系,新聞學類
1451,銘傳大學,新聞學系(台北校區),新聞學類
1452,世新大學,新聞學系,新聞學類
1453,中國文化大學,廣告學系,廣告公關學類
1454,輔仁大學,廣告傳播學系,廣告公關學類
1455,銘傳大學,廣告暨策略行銷學系(台北校區),廣告公關學類
1456,世新大學,公共關係暨廣告學系,廣告公關學類
1457,國立臺灣大學,外國語文學系,英語文學類
1458,國立臺灣師範大學,英語學系,英語文學類
1459,國立中興大學,外國語文學系,英語文學類
1460,國立成功大學,外國語文學系,英語文學類
1461,東吳大學,英文學系,英語文學類
1462,國立政治大學,英國語文學系,英語文學類
1463,中原大學,應用外國語文學系,英語文學類
1464,東海大學,外國語文學系,英語文學類
1465,國立清華大學,外國語文學系,英語文學類
1466,國立交通大學,外國語文學系,英語文學類
1467,淡江大學,英文學系,英語文學類
1468,淡江大學,英美語言文化學系全英語學士班(蘭陽校園),英語文學類
1469,逢甲大學,外國語文學系,英語文學類
1470,國立中央大學,英美語文學系,英語文學類
1471,中國文化大學,英國語文學系,英語文學類
1472,靜宜大學,英國語文學系,英語文學類
1473,靜宜大學,寰宇外語教育學士學位學程,英語文學類
1474,大同大學,應用外語學系,英語文學類
1475,輔仁大學,英國語文學系,英語文學類
1476,國立高雄師範大學,英語學系,英語文學類
1477,國立彰化師範大學,英語學系,英語文學類
1478,中山醫學大學,應用外國語言學系,英語文學類
1479,國立中山大學,外國語文學系,英語文學類
1480,國立臺中教育大學,英語學系,英語文學類
1481,國立臺南大學,英語學系,英語文學類
1482,國立東華大學,英美語文學系,英語文學類
1483,國立屏東大學,英語學系,英語文學類
1484,國立屏東大學,應用英語學系,英語文學類
1485,國立臺東大學,英美語文學系,英語文學類
1486,元智大學,應用外語學系,英語文學類
1487,國立中正大學,外國語文學系,英語文學類
1488,大葉大學,英語學系,英語文學類
1489,義守大學,應用英語學系,英語文學類
1490,銘傳大學,應用英語學系英語教學與文化溝通組(桃園校區),英語文學類
1491,銘傳大學,應用英語學系英語商務與觀光組(桃園校區),英語文學類
1492,世新大學,英語學系,英語文學類
1493,實踐大學,應用外語學系(臺北校區),英語文學類
1494,實踐大學,應用英語學系(高雄校區),英語文學類
1495,長榮大學,翻譯學系,英語文學類
1496,國立暨南國際大學,外國語文學系,英語文學類
1497,南華大學,外國語文學系,英語文學類
1498,真理大學,英美語文學系,英語文學類
1499,國立臺北大學,應用外語學系,英語文學類
1500,國立嘉義大學,外國語言學系英語教學組,英語文學類
1501,國立嘉義大學,外國語言學系應用外語組,英語文學類
1502,國立高雄大學,西洋語文學系,英語文學類
1503,慈濟大學,英美語文學系,英語文學類
1504,開南大學,應用英語學系,英語文學類
1505,佛光大學,外國語文學系,英語文學類
1506,明道大學,應用英語學系,英語文學類
1507,亞洲大學,外國語文學系(語文專業組),英語文學類
1508,亞洲大學,外國語文學系(語文應用組),英語文學類
1509,國立宜蘭大學,外國語文學系,英語文學類
1510,國立金門大學,應用英語學系,英語文學類
1511,東吳大學,德國文化學系,歐語文學類
1512,國立政治大學,斯拉夫語文學系,歐語文學類
1513,國立政治大學,歐洲語文學系,歐語文學類
1514,淡江大學,法國語文學系,歐語文學類
1515,淡江大學,德國語文學系,歐語文學類
1516,淡江大學,西班牙語文學系,歐語文學類
1517,淡江大學,俄國語文學系,歐語文學類
1518,國立中央大學,法國語文學系,歐語文學類
1519,中國文化大學,法國語文學系,歐語文學類
1520,靜宜大學,西班牙語文學系,歐語文學類
1521,輔仁大學,法國語文學系,歐語文學類
1522,輔仁大學,西班牙語文學系,歐語文學類
1523,輔仁大學,義大利語文學系,歐語文學類
1524,輔仁大學,德語語文學系,歐語文學類
1525,國立臺灣大學,日本語文學系,日語文學類
1526,東吳大學,日本語文學系,日語文學類
1527,國立政治大學,日本語文學系,日語文學類
1528,東海大學,日本語言文化學系,日語文學類
1529,淡江大學,日本語文學系,日語文學類
1530,中國文化大學,日本語文學系,日語文學類
1531,靜宜大學,日本語文學系,日語文學類
1532,輔仁大學,日本語文學系,日語文學類
1533,國立屏東大學,應用日語學系,日語文學類
1534,大葉大學,應用日語學系,日語文學類
1535,中華大學,應用日語學系,日語文學類
1536,義守大學,應用日語學系,日語文學類
1537,銘傳大學,應用日語學系(桃園校區),日語文學類
1538,世新大學,日本語文學系,日語文學類
1539,實踐大學,應用日文學系(高雄校區),日語文學類
1540,長榮大學,應用日語學系,日語文學類
1541,玄奘大學,應用日語學系,日語文學類
1542,真理大學,應用日語學系,日語文學類
1543,國立高雄大學,東亞語文學系日語組,日語文學類
1544,開南大學,應用日語學系,日語文學類
1545,明道大學,應用日語學系,日語文學類
1546,國立政治大學,阿拉伯語文學系,東方語文學類
1547,國立政治大學,韓國語文學系,東方語文學類
1548,國立政治大學,土耳其語文學系,東方語文學類
1549,國立政治大學,東南亞語言與文化學士學位學程,東方語文學類
1550,中國文化大學,韓國語文學系,東方語文學類
1551,中國文化大學,俄國語文學系,東方語文學類
1552,國立高雄大學,東亞語文學系韓語組,東方語文學類
1553,國立高雄大學,東亞語文學系越語組,東方語文學類
1554,慈濟大學,東方語文學系中文組,東方語文學類
1555,慈濟大學,東方語文學系日文組,東方語文學類
1556,國立清華大學,英語教學系,英語教育學類
1557,國立臺北教育大學,兒童英語教育學系,英語教育學類
1558,臺北市立大學,英語教學系,英語教育學類
1559,國立臺灣大學,圖書資訊學系,圖書資訊學類
1560,淡江大學,資訊與圖書館學系,圖書資訊學類
1561,輔仁大學,圖書資訊學系,圖書資訊學類
1562,國立臺中教育大學,區域與社會發展學系,文化產業學類
1563,國立臺中教育大學,文化創意產業設計與營運學系,文化產業學類
1564,國立臺北教育大學,社會與區域發展學系,文化產業學類
1565,國立臺北教育大學,文化創意產業經營學系,文化產業學類
1566,國立東華大學,藝術創意產業學系,文化產業學類
1567,國立屏東大學,文化創意產業學系,文化產業學類
1568,長榮大學,東南亞文化與產業學士學位學程,文化產業學類
1569,南華大學,文化創意事業管理學系,文化產業學類
1570,真理大學,人文與資訊學系,文化產業學類
1571,佛光大學,文化資產與創意學系,文化產業學類
1572,國立聯合大學,文化創意與數位行銷學系,文化產業學類
1573,國立臺灣大學,中國文學系,中國語文學類
1574,國立臺灣師範大學,國文學系,中國語文學類
1575,國立中興大學,中國文學系,中國語文學類
1576,國立成功大學,中國文學系,中國語文學類
1577,東吳大學,中國文學系,中國語文學類
1578,國立政治大學,中國文學系,中國語文學類
1579,東海大學,中國文學系,中國語文學類
1580,國立清華大學,中國文學系甲組(一般組),中國語文學類
1581,國立清華大學,中國文學系乙組(華語文教學組),中國語文學類
1582,淡江大學,中國文學學系,中國語文學類
1583,逢甲大學,中國文學系,中國語文學類
1584,國立中央大學,中國文學系,中國語文學類
1585,中國文化大學,中國文學系中國文學組,中國語文學類
1586,中國文化大學,中國文學系文藝創作組,中國語文學類
1587,靜宜大學,中國文學系,中國語文學類
1588,輔仁大學,中國文學系,中國語文學類
1589,國立高雄師範大學,國文學系,中國語文學類
1590,國立彰化師範大學,國文學系,中國語文學類
1591,國立中山大學,中國文學系,中國語文學類
1592,國立臺北教育大學,語文與創作學系文學創作組,中國語文學類
1593,國立臺南大學,國語文學系,中國語文學類
1594,國立東華大學,華文文學系,中國語文學類
1595,國立東華大學,中國語文學系,中國語文學類
1596,臺北市立大學,中國語文學系,中國語文學類
1597,國立屏東大學,中國語文學系,中國語文學類
1598,國立臺東大學,華語文學系,中國語文學類
1599,元智大學,中國語文學系,中國語文學類
1600,國立中正大學,中國文學系,中國語文學類
1601,銘傳大學,應用中國文學系文教組(桃園校區),中國語文學類
1602,銘傳大學,應用中國文學系文創組(桃園校區),中國語文學類
1603,世新大學,中國文學系,中國語文學類
1604,實踐大學,應用中文學系(高雄校區),中國語文學類
1605,國立暨南國際大學,中國語文學系,中國語文學類
1606,南華大學,文學系,中國語文學類
1607,國立臺北大學,中國文學系,中國語文學類
1608,國立嘉義大學,中國文學系,中國語文學類
1609,佛光大學,中國文學與應用學系,中國語文學類
1610,明道大學,中華文化與傳播學系,中國語文學類
1611,國立金門大學,華語文學系,中國語文學類
1612,國立臺灣大學,歷史學系,歷史學類
1613,國立臺灣師範大學,歷史學系,歷史學類
1614,國立中興大學,歷史學系,歷史學類
1615,國立成功大學,歷史學系,歷史學類
1616,東吳大學,歷史學系,歷史學類
1617,國立政治大學,歷史學系,歷史學類
1618,東海大學,歷史學系,歷史學類
1619,淡江大學,歷史學系,歷史學類
1620,中國文化大學,史學系,歷史學類
1621,輔仁大學,歷史學系,歷史學類
1622,國立東華大學,歷史學系,歷史學類
1623,國立中正大學,歷史學系,歷史學類
1624,國立暨南國際大學,歷史學系,歷史學類
1625,國立臺南藝術大學,藝術史學系,歷史學類
1626,國立臺北大學,歷史學系,歷史學類
1627,佛光大學,歷史學系,歷史學類
1628,國立臺灣大學,哲學系,哲學學類
1629,東吳大學,哲學系,哲學學類
1630,國立政治大學,哲學系,哲學學類
1631,東海大學,哲學系,哲學學類
1632,中國文化大學,哲學系,哲學學類
1633,輔仁大學,哲學系,哲學學類
1634,國立中正大學,哲學系,哲學學類
1635,長榮大學,應用哲學系,哲學學類
1636,國立臺灣師範大學,臺灣語文學系,台灣語文學類
1637,國立成功大學,台灣文學系,台灣語文學類
1638,靜宜大學,台灣文學系,台灣語文學類
1639,國立臺中教育大學,台灣語文學系,台灣語文學類
1640,真理大學,台灣文學系,台灣語文學類
1641,國立聯合大學,臺灣語文與傳播學系,台灣語文學類
1642,國立臺南大學,文化與自然資源學系,史地學類
1643,國立東華大學,臺灣文化學系,史地學類
1644,臺北市立大學,歷史與地理學系,史地學類
1645,國立嘉義大學,應用歷史學系,史地學類
1646,輔仁大學,宗教學系,宗教學類
1647,玄奘大學,宗教與文化學系,宗教學類
1648,真理大學,宗教文化與資訊管理學系,宗教學類
1649,國立臺灣師範大學,華語文教學系應用華語文學組,華語文教育學類
1650,中原大學,應用華語文學系,華語文教育學類
1651,國立臺中教育大學,語文教育學系,華語文教育學類
1652,銘傳大學,華語文教學學系創新教學組(桃園校區),華語文教育學類
1653,銘傳大學,華語文教學學系應用語言組(桃園校區),華語文教育學類
1654,國立聯合大學,華語文學系,華語文教育學類
1655,淡江大學,教育科技學系,數位學習學類
1656,國立臺北教育大學,數學暨資訊教育學系資訊組,數位學習學類
1657,國立臺南大學,數位學習科技學系,數位學習學類
1658,臺北市立大學,學習與媒材設計學系,數位學習學類
1659,國立臺東大學,數位媒體與文教產業學系,數位學習學類
1660,國立嘉義大學,數位學習設計與管理學系,數位學習學類
1661,國立臺灣師範大學,科技應用與人力資源發展學系,科技教育學類
1662,國立臺灣師範大學,工業教育學系,科技教育學類
1663,國立高雄師範大學,工業科技教育學系科技教育與訓練組,科技教育學類
1664,國立高雄師範大學,工業科技教育學系能源與冷凍空調組,科技教育學類
1665,國立彰化師範大學,工業教育與技術學系,科技教育學類
1666,國立臺灣師範大學,華語文教學系應用華語文學組,華語文教育學類
1667,中原大學,應用華語文學系,華語文教育學類
1668,國立臺中教育大學,語文教育學系,華語文教育學類
1669,銘傳大學,華語文教學學系創新教學組(桃園校區),華語文教育學類
1670,銘傳大學,華語文教學學系應用語言組(桃園校區),華語文教育學類
1671,國立聯合大學,華語文學系,華語文教育學類
1672,國立臺灣師範大學,教育學系,教育學類
1673,國立臺灣師範大學,學習科學學士學位學程,教育學類
1674,國立臺灣師範大學,教育學院學士班,教育學類
1675,國立政治大學,教育學系,教育學類
1676,國立清華大學,教育與學習科技學系,教育學類
1677,國立清華大學,竹師教育學院學士班,教育學類
1678,中國文化大學,教育學系,教育學類
1679,輔仁大學,教育領導與科技發展學士學位學程,教育學類
1680,國立高雄師範大學,教育學系,教育學類
1681,國立臺中教育大學,教育學系,教育學類
1682,國立臺北教育大學,教育學系,教育學類
1683,國立臺北教育大學,教育經營與管理學系,教育學類
1684,國立臺北教育大學,語文與創作學系語文師資組,教育學類
1685,國立臺南大學,教育學系,教育學類
1686,國立東華大學,教育與潛能開發學系,教育學類
1687,國立東華大學,教育行政與管理學系,教育學類
1688,臺北市立大學,教育學系,教育學類
1689,國立屏東大學,教育學系,教育學類
1690,國立臺東大學,教育學系,教育學類
1691,國立暨南國際大學,國際文教與比較教育學系,教育學類
1692,國立暨南國際大學,教育政策與行政學系,教育學類
1693,國立暨南國際大學,教育學院學士班  (問卷填答中),教育學類
1694,國立嘉義大學,教育學系,教育學類
1695,國立臺灣師範大學,特殊教育學系,特殊教育學類
1696,中原大學,特殊教育學系,特殊教育學類
1697,國立清華大學,特殊教育學系,特殊教育學類
1698,國立高雄師範大學,特殊教育學系,特殊教育學類
1699,國立彰化師範大學,特殊教育學系,特殊教育學類
1700,國立臺中教育大學,特殊教育學系,特殊教育學類
1701,國立臺北教育大學,特殊教育學系,特殊教育學類
1702,國立臺南大學,特殊教育學系,特殊教育學類
1703,國立東華大學,特殊教育學系,特殊教育學類
1704,臺北市立大學,特殊教育學系,特殊教育學類
1705,國立屏東大學,特殊教育學系,特殊教育學類
1706,國立臺東大學,特殊教育學系,特殊教育學類
1707,國立嘉義大學,特殊教育學系,特殊教育學類
1708,國立清華大學,幼兒教育學系,幼兒教育學類
1709,國立臺中教育大學,幼兒教育學系,幼兒教育學類
1710,國立臺北教育大學,幼兒與家庭教育學系,幼兒教育學類
1711,國立臺南大學,幼兒教育學系,幼兒教育學類
1712,國立東華大學,幼兒教育學系,幼兒教育學類
1713,臺北市立大學,幼兒教育學系,幼兒教育學類
1714,國立屏東大學,幼兒教育學系,幼兒教育學類
1715,國立臺東大學,幼兒教育學系,幼兒教育學類
1716,南華大學,幼兒教育學系,幼兒教育學類
1717,國立嘉義大學,幼兒教育學系,幼兒教育學類
1718,台灣首府大學,幼兒教育學系（師資培育學系）,幼兒教育學類
1719,康寧大學,嬰幼兒保育學系(台北校區),幼兒教育學類
1720,稻江科技暨管理學院,幼兒教育學系,幼兒教育學類
1721,亞洲大學,幼兒教育學系(文教產業組),幼兒教育學類
1722,亞洲大學,幼兒教育學系幼教師資組,幼兒教育學類
1723,國立臺灣師範大學,社會教育學系,成人教育學類
1724,國立中正大學,成人及繼續教育學系,成人教育學類
1725,國立暨南國際大學,諮商心理與人力資源發展學系終身學習與人力資源發展組,成人教育學類
1726,國立臺中教育大學,數學教育學系,數學教育學類
1727,國立臺北教育大學,數學暨資訊教育學系數學組,數學教育學類
1728,國立臺灣師範大學,公民教育與活動領導學系,社科教育學類
1729,國立彰化師範大學,公共事務與公民教育學系公民教育組,社科教育學類
1730,國立清華大學,英語教學系,英語教育學類
1731,國立臺北教育大學,兒童英語教育學系,英語教育學類
1732,臺北市立大學,英語教學系,英語教育學類
1733,國立中正大學,犯罪防治學系,犯罪防治學類
1734,銘傳大學,犯罪防治學系(桃園校區),犯罪防治學類
1735,國立臺灣大學,法律學系法學組,法律學類
1736,國立臺灣大學,法律學系司法組,法律學類
1737,國立臺灣大學,法律學系財經法學組,法律學類
1738,國立中興大學,法律學系,法律學類
1739,國立成功大學,法律學系,法律學類
1740,東吳大學,法律學系,法律學類
1741,國立政治大學,法律學系,法律學類
1742,東海大學,法律學系,法律學類
1743,中國文化大學,法律學系法學組,法律學類
1744,中國文化大學,法律學系財經法律組,法律學類
1745,中國文化大學,法律學系企業金融法制組,法律學類
1746,靜宜大學,法律學系,法律學類
1747,輔仁大學,法律學系,法律學類
1748,國立東華大學,法律學系,法律學類
1749,國立中正大學,法律學系法學組,法律學類
1750,國立中正大學,法律學系法制組,法律學類
1751,銘傳大學,法律學系(台北校區),法律學類
1752,世新大學,法律學系,法律學類
1753,玄奘大學,法律學系,法律學類
1754,真理大學,法律學系,法律學類
1755,國立臺北大學,法律學系法學組,法律學類
1756,國立臺北大學,法律學系司法組,法律學類
1757,國立臺北大學,法律學系財經法組,法律學類
1758,國立高雄大學,法律學系,法律學類
1759,國立高雄大學,政治法律學系,法律學類
1760,開南大學,法律學系,法律學類
1761,稻江科技暨管理學院,法律學士學位學程,法律學類
1762,中原大學,財經法律學系,財經法律學類
1763,輔仁大學,財經法律學系,財經法律學類
1764,國立中正大學,財經法律學系,財經法律學類
1765,銘傳大學,財金法律學系(台北校區),財經法律學類
1766,國立高雄大學,財經法律學系,財經法律學類
1767,中信金融管理學院,財經法律學系,財經法律學類
1768,亞洲大學,財經法律學系(科技法律組),財經法律學類
1769,亞洲大學,財經法律學系(財經法律組),財經法律學類
1770,國立臺灣大學,政治學系,政治學類
1771,國立成功大學,政治學系,政治學類
1772,東吳大學,政治學系,政治學類
1773,國立政治大學,政治學系,政治學類
1774,國立政治大學,外交學系,政治學類
1775,東海大學,政治學系政治理論組,政治學類
1776,東海大學,政治學系國際關係組,政治學類
1777,淡江大學,外交與國際關係學系全英語學士班,政治學類
1778,淡江大學,全球政治經濟學系全英語學士班(蘭陽校園),政治學類
1779,中國文化大學,政治學系,政治學類
1780,國立臺灣海洋大學,海洋法政學士學位學程,政治學類
1781,國立中正大學,政治學系,政治學類
1782,銘傳大學,國際事務與外交學士學位學程(全英語授課．桃園校區),政治學類
1783,國立暨南國際大學,東南亞學系,政治學類
1784,南華大學,國際事務與企業學系,政治學類
1785,國立金門大學,國際暨大陸事務學系,政治學類
1786,國立政治大學,公共行政學系,行政管理學類
1787,東海大學,行政管理暨政策學系,行政管理學類
1788,淡江大學,公共行政學系,行政管理學類
1789,中國文化大學,行政管理學系,行政管理學類
1790,國立彰化師範大學,公共事務與公民教育學系公共事務組,行政管理學類
1791,國立中山大學,政治經濟學系,行政管理學類
1792,國立臺南大學,行政管理學系,行政管理學類
1793,國立東華大學,公共行政學系,行政管理學類
1794,臺北市立大學,社會暨公共事務學系,行政管理學類
1795,國立臺東大學,公共與文化事務學系,行政管理學類
1796,中華大學,行政管理學系,行政管理學類
1797,義守大學,公共政策與管理學系,行政管理學類
1798,銘傳大學,公共事務學系(桃園校區),行政管理學類
1799,世新大學,行政管理學系,行政管理學類
1800,國立暨南國際大學,公共行政與政策學系,行政管理學類
1801,國立臺北大學,公共行政暨政策學系,行政管理學類
1802,佛光大學,公共事務學系,行政管理學類
1803,國立金門大學,海洋與邊境管理學系,行政管理學類
1804,國立政治大學,地政學系土地管理組,土地資產學類
1805,逢甲大學,土地管理學系,土地資產學類
1806,中國文化大學,土地資源學系,土地資產學類
1807,國立屏東大學,不動產經營學系,土地資產學類
1808,長榮大學,土地管理與開發學系,土地資產學類
1809,國立臺北大學,不動產與城鄉環境學系,土地資產學類
1810,國立臺灣大學,資訊管理學系,資訊管理學類
1811,國立中興大學,資訊管理學系,資訊管理學類
1812,東吳大學,資訊管理學系,資訊管理學類
1813,國立政治大學,資訊管理學系,資訊管理學類
1814,中原大學,資訊管理學系,資訊管理學類
1815,東海大學,資訊管理學系,資訊管理學類
1816,淡江大學,資訊管理學系,資訊管理學類
1817,國立中央大學,資訊管理學系,資訊管理學類
1818,中國文化大學,資訊管理學系,資訊管理學類
1819,靜宜大學,資訊管理學系,資訊管理學類
1820,大同大學,資訊經營學系,資訊管理學類
1821,輔仁大學,資訊管理學系,資訊管理學類
1822,國立彰化師範大學,資訊管理學系資訊管理組,資訊管理學類
1823,國立彰化師範大學,資訊管理學系數位內容科技與管理組,資訊管理學類
1824,國立中山大學,資訊管理學系,資訊管理學類
1825,長庚大學,資訊管理學系,資訊管理學類
1826,國立東華大學,資訊管理學系,資訊管理學類
1827,國立屏東大學,資訊管理學系,資訊管理學類
1828,國立臺東大學,資訊管理學系,資訊管理學類
1829,元智大學,資訊管理學系,資訊管理學類
1830,元智大學,資訊學院英語學士班,資訊管理學類
1831,國立中正大學,資訊管理學系,資訊管理學類
1832,大葉大學,資訊管理學系,資訊管理學類
1833,中華大學,資訊管理學系(資訊系統設計與智慧製造組),資訊管理學類
1834,中華大學,資訊管理學系(資訊管理應用組),資訊管理學類
1835,中華大學,資訊管理學系(手機軟體設計組),資訊管理學類
1836,中華大學,資訊管理學系(巨量資料應用組),資訊管理學類
1837,華梵大學,智慧生活科技學系智慧產品開發組,資訊管理學類
1838,華梵大學,智慧生活科技學系大數據與管理組,資訊管理學類
1839,義守大學,資訊管理學系,資訊管理學類
1840,銘傳大學,資訊管理學系雲端技術管理組(桃園校區),資訊管理學類
1841,銘傳大學,資訊管理學系巨量資料管理組(桃園校區),資訊管理學類
1842,銘傳大學,資訊管理學系電子商務管理組(桃園校區),資訊管理學類
1843,銘傳大學,資訊科技應用與管理學士學位學程(全英語授課．桃園校區),資訊管理學類
1844,世新大學,資訊管理學系資訊管理組,資訊管理學類
1845,世新大學,資訊管理學系資訊科技組,資訊管理學類
1846,世新大學,資訊管理學系網路科技組,資訊管理學類
1847,實踐大學,資訊科技與管理學系(臺北校區),資訊管理學類
1848,實踐大學,資訊管理學系(高雄校區),資訊管理學類
1849,長榮大學,資訊暨設計學院學士班,資訊管理學類
1850,長榮大學,資訊暨設計學院學士班(資訊管理組),資訊管理學類
1851,國立暨南國際大學,資訊管理學系,資訊管理學類
1852,南華大學,資訊管理學系,資訊管理學類
1853,真理大學,資訊管理學系,資訊管理學類
1854,國立嘉義大學,資訊管理學系,資訊管理學類
1855,國立高雄大學,資訊管理學系,資訊管理學類
1856,開南大學,資訊管理學系,資訊管理學類
1857,中信金融管理學院,人工智慧學系,資訊管理學類
1858,佛光大學,資訊應用學系,資訊管理學類
1859,稻江科技暨管理學院,行動科技學系,資訊管理學類
1860,稻江科技暨管理學院,經營管理學士學位學程,資訊管理學類
1861,國立聯合大學,資訊管理學系,資訊管理學類
1862,國立成功大學,工業與資訊管理學系,科技管理學類
1863,中原大學,工業與系統工程學系工程組,科技管理學類
1864,中原大學,工業與系統工程學系管理組,科技管理學類
1865,東海大學,工業工程與經營資訊學系,科技管理學類
1866,國立清華大學,科技管理學院學士班,科技管理學類
1867,國立清華大學,工業工程與工程管理學系,科技管理學類
1868,國立交通大學,工業工程與管理學系,科技管理學類
1869,逢甲大學,工業工程與系統管理學系,科技管理學類
1870,元智大學,工程學院英語學士班,科技管理學類
1871,元智大學,工業工程與管理學系,科技管理學類
1872,中華大學,工業管理學系,科技管理學類
1873,義守大學,工業管理學系,科技管理學類
1874,真理大學,工業管理與經營資訊學系,科技管理學類
1875,國立金門大學,工業工程與管理學系,科技管理學類
1876,高雄醫學大學,醫務管理暨醫療資訊學系,醫務管理學類
1877,輔仁大學,醫學資訊與創新應用學士學位學程,醫務管理學類
1878,中山醫學大學,醫療產業科技管理學系,醫務管理學類
1879,長庚大學,醫務管理學系,醫務管理學類
1880,義守大學,醫務管理學系,醫務管理學類
1881,銘傳大學,醫療資訊與管理學系健康產業管理組(桃園校區),醫務管理學類
1882,銘傳大學,醫療資訊與管理學系醫療資訊組（桃園）,醫務管理學類
1883,長榮大學,醫務管理學系,醫務管理學類
1884,臺北醫學大學,醫務管理學系,醫務管理學類
1885,亞洲大學,健康產業管理學系(健康產業管理組),醫務管理學類
1886,亞洲大學,健康產業管理學系(醫療機構管理組),醫務管理學類
1887,國立臺中教育大學,區域與社會發展學系,文化產業學類
1888,國立臺中教育大學,文化創意產業設計與營運學系,文化產業學類
1889,國立臺北教育大學,社會與區域發展學系,文化產業學類
1890,國立臺北教育大學,文化創意產業經營學系,文化產業學類
1891,國立東華大學,藝術創意產業學系,文化產業學類
1892,國立屏東大學,文化創意產業學系,文化產業學類
1893,長榮大學,東南亞文化與產業學士學位學程,文化產業學類
1894,南華大學,文化創意事業管理學系,文化產業學類
1895,真理大學,人文與資訊學系,文化產業學類
1896,佛光大學,文化資產與創意學系,文化產業學類
1897,國立聯合大學,文化創意與數位行銷學系,文化產業學類
1898,中國文化大學,勞動暨人力資源學系,勞工關係學類
1899,國立中正大學,勞工關係學系,勞工關係學類
1900,國立政治大學,公共行政學系,行政管理學類
1901,東海大學,行政管理暨政策學系,行政管理學類
1902,淡江大學,公共行政學系,行政管理學類
1903,中國文化大學,行政管理學系,行政管理學類
1904,國立彰化師範大學,公共事務與公民教育學系公共事務組,行政管理學類
1905,國立中山大學,政治經濟學系,行政管理學類
1906,國立臺南大學,行政管理學系,行政管理學類
1907,國立東華大學,公共行政學系,行政管理學類
1908,臺北市立大學,社會暨公共事務學系,行政管理學類
1909,國立臺東大學,公共與文化事務學系,行政管理學類
1910,中華大學,行政管理學系,行政管理學類
1911,義守大學,公共政策與管理學系,行政管理學類
1912,銘傳大學,公共事務學系(桃園校區),行政管理學類
1913,世新大學,行政管理學系,行政管理學類
1914,國立暨南國際大學,公共行政與政策學系,行政管理學類
1915,國立臺北大學,公共行政暨政策學系,行政管理學類
1916,佛光大學,公共事務學系,行政管理學類
1917,國立金門大學,海洋與邊境管理學系,行政管理學類
1918,國立臺灣大學,工商管理學系企業管理組,企業管理學類
1919,國立臺灣大學,工商管理學系科技管理組,企業管理學類
1920,國立臺灣師範大學,企業管理學系,企業管理學類
1921,國立中興大學,企業管理學系,企業管理學類
1922,國立中興大學,國際農企業學士學位學程,企業管理學類
1923,國立成功大學,企業管理學系,企業管理學類
1924,東吳大學,企業管理學系,企業管理學類
1925,國立政治大學,企業管理學系,企業管理學類
1926,中原大學,企業管理學系服務業管理組,企業管理學類
1927,中原大學,企業管理學系高科技業管理組,企業管理學類
1928,中原大學,企業管理學系工商管理組,企業管理學類
1929,東海大學,企業管理學系,企業管理學類
1930,國立交通大學,管理科學系,企業管理學類
1931,淡江大學,企業管理學系,企業管理學類
1932,淡江大學,管理科學學系(事業經營組),企業管理學類
1933,淡江大學,管理科學學系(行銷與流通管理組),企業管理學類
1934,逢甲大學,合作經濟暨社會事業經營學系,企業管理學類
1935,逢甲大學,企業管理學系,企業管理學類
1936,國立中央大學,企業管理學系,企業管理學類
1937,靜宜大學,企業管理學系,企業管理學類
1938,靜宜大學,寰宇管理學士學位學程,企業管理學類
1939,大同大學,事業經營學系,企業管理學類
1940,輔仁大學,企業管理學系,企業管理學類
1941,國立臺灣海洋大學,海洋經營管理學士學位學程,企業管理學類
1942,國立彰化師範大學,企業管理學系,企業管理學類
1943,國立中山大學,企業管理學系,企業管理學類
1944,長庚大學,工商管理學系,企業管理學類
1945,國立臺南大學,經營與管理學系,企業管理學類
1946,國立東華大學,企業管理學系,企業管理學類
1947,國立東華大學,管理學院管理科學與財金國際學士學位學程,企業管理學類
1948,國立屏東大學,企業管理學系,企業管理學類
1949,元智大學,管理學院學士班(主修：企業管理),企業管理學類
1950,元智大學,管理學院學士班(英語專班),企業管理學類
1951,國立中正大學,企業管理學系,企業管理學類
1952,大葉大學,企業管理學系,企業管理學類
1953,中華大學,企業管理學系(企業管理組),企業管理學類
1954,中華大學,英國西英格蘭大學企業管理雙學士學位學程  (問卷填答中),企業管理學類
1955,義守大學,企業管理學系,企業管理學類
1956,銘傳大學,企業管理學系企業管理組(臺北校區),企業管理學類
1957,銘傳大學,企業管理學系數位經營組(臺北校區),企業管理學類
1958,銘傳大學,企業管理學系品牌行銷組(臺北校區),企業管理學類
1959,世新大學,企業管理學系,企業管理學類
1960,實踐大學,企業管理學系(臺北校區),企業管理學類
1961,實踐大學,國際企業英語學士學位學程(臺北校區),企業管理學類
1962,長榮大學,企業管理學系,企業管理學類
1963,長榮大學,創新應用管理學系,企業管理學類
1964,南華大學,企業管理學系,企業管理學類
1965,南華大學,管理學院國際企業學士學位學程,企業管理學類
1966,真理大學,企業管理學系,企業管理學類
1967,國立臺北大學,企業管理學系,企業管理學類
1968,國立嘉義大學,企業管理學系,企業管理學類
1969,國立嘉義大學,生物事業管理學系,企業管理學類
1970,國立高雄大學,亞太工商管理學系企業管理組,企業管理學類
1971,國立高雄大學,亞太工商管理學系工業管理組,企業管理學類
1972,開南大學,企業與創業管理學系,企業管理學類
1973,中信金融管理學院,企業管理學系,企業管理學類
1974,佛光大學,管理學系(經營管理組),企業管理學類
1975,明道大學,企業管理學系,企業管理學類
1976,亞洲大學,經營管理學系(企業創新管理組),企業管理學類
1977,亞洲大學,經營管理學系(行銷管理組),企業管理學類
1978,亞洲大學,經營管理學系(國際企業管理組),企業管理學類
1979,國立聯合大學,經營管理學系,企業管理學類
1980,國立金門大學,企業管理學系,企業管理學類
1981,國立中興大學,行銷學系,行銷經營學類
1982,逢甲大學,行銷學系,行銷經營學類
1983,國立高雄師範大學,事業經營學系,行銷經營學類
1984,臺北市立大學,都會產業經營與行銷學系,行銷經營學類
1985,國立屏東大學,行銷與流通管理學系,行銷經營學類
1986,實踐大學,行銷管理學系(高雄校區),行銷經營學類
1987,長榮大學,蘭花產業應用學士學位學程,行銷經營學類
1988,國立嘉義大學,行銷與觀光管理學系,行銷經營學類
1989,開南大學,行銷學系,行銷經營學類
1990,佛光大學,管理學系(行銷與創業組),行銷經營學類
1991,明道大學,行銷與物流學系,行銷經營學類
1992,國立成功大學,交通管理科學系,運輸物流學類
1993,國立交通大學,運輸與物流管理學系,運輸物流學類
1994,淡江大學,運輸管理學系,運輸物流學類
1995,逢甲大學,運輸與物流學系,運輸物流學類
1996,國立臺灣海洋大學,商船學系,運輸物流學類
1997,國立臺灣海洋大學,航運管理學系,運輸物流學類
1998,國立臺灣海洋大學,運輸科學系A組,運輸物流學類
1999,國立臺灣海洋大學,運輸科學系B組,運輸物流學類
2000,中華大學,企業管理學系(智慧運輸與物流組),運輸物流學類
2001,長榮大學,航運管理學系,運輸物流學類
2002,真理大學,航空事業學系,運輸物流學類
2003,開南大學,國際物流與運輸管理學系,運輸物流學類
2004,開南大學,空運管理學系,運輸物流學類
2005,國立政治大學,地政學系土地管理組,土地資產學類
2006,逢甲大學,土地管理學系,土地資產學類
2007,中國文化大學,土地資源學系,土地資產學類
2008,國立屏東大學,不動產經營學系,土地資產學類
2009,長榮大學,土地管理與開發學系,土地資產學類
2010,國立臺北大學,不動產與城鄉環境學系,土地資產學類
2011,淡江大學,國際觀光管理學系全英語學士班(海外實習組蘭陽校園),觀光事業學類
2012,淡江大學,國際觀光管理學系全英語學士班(產業實習組蘭陽校園),觀光事業學類
2013,中國文化大學,觀光事業學系,觀光事業學類
2014,靜宜大學,觀光事業學系,觀光事業學類
2015,國立臺灣海洋大學,海洋觀光管理學士學位學程,觀光事業學類
2016,國立東華大學,觀光暨休閒遊憩學系,觀光事業學類
2017,大葉大學,觀光旅遊學系,觀光事業學類
2018,中華大學,觀光與會展活動學系(會展與活動管理組),觀光事業學類
2019,義守大學,觀光學系,觀光事業學類
2020,銘傳大學,觀光事業學系(桃園校區),觀光事業學類
2021,世新大學,觀光學系餐旅經營管理組,觀光事業學類
2022,世新大學,觀光學系旅遊暨休閒事業管理組,觀光事業學類
2023,世新大學,觀光學系觀光規劃暨資源管理組,觀光事業學類
2024,實踐大學,觀光管理學系(高雄校區),觀光事業學類
2025,國立暨南國際大學,觀光休閒與餐旅管理學系觀光休閒組,觀光事業學類
2026,南華大學,旅遊管理學系,觀光事業學類
2027,真理大學,觀光事業學系,觀光事業學類
2028,真理大學,觀光數位知識學系,觀光事業學類
2029,台灣首府大學,觀光事業管理學系(休閒旅遊組),觀光事業學類
2030,台灣首府大學,觀光事業管理學系(經營管理組),觀光事業學類
2031,國立聯合大學,文化觀光產業學系,觀光事業學類
2032,國立金門大學,觀光管理學系,觀光事業學類
2033,國立臺灣師範大學,運動競技學系,運動管理學類
2034,國立臺東大學,身心整合與運動休閒產業學系,運動管理學類
2035,國立體育大學,體育推廣學系  (問卷填答中),運動管理學類
2036,長榮大學,運動競技學系,運動管理學類
2037,南華大學,運動與健康促進學士學位學程,運動管理學類
2038,國立臺灣體育運動大學,運動事業管理學系,運動管理學類
2039,真理大學,運動管理學系,運動管理學類
2040,國立高雄大學,運動健康與休閒學系,運動管理學類
2041,國立金門大學,運動與休閒學系,運動管理學類
2042,東海大學,餐旅管理學系,餐旅管理學類
2043,輔仁大學,餐旅管理學系,餐旅管理學類
2044,大葉大學,餐旅管理學系,餐旅管理學類
2045,大葉大學,烘焙暨飲料調製學士學位學程,餐旅管理學類
2046,中華大學,餐旅管理學系,餐旅管理學類
2047,中華大學,國際觀光與酒店管理雙學士學位學程  (問卷填答中),餐旅管理學類
2048,義守大學,餐旅管理學系,餐旅管理學類
2049,義守大學,廚藝學系,餐旅管理學類
2050,銘傳大學,餐旅管理學系(桃園校區),餐旅管理學類
2051,實踐大學,餐飲管理學系(臺北校區),餐旅管理學類
2052,實踐大學,智慧服務管理英語學士學位學程(臺北校區)  (問卷填答中),餐旅管理學類
2053,長榮大學,觀光與餐飲管理學系,餐旅管理學類
2054,國立暨南國際大學,觀光休閒與餐旅管理學系餐旅管理組,餐旅管理學類
2055,玄奘大學,餐旅管理學系,餐旅管理學類
2056,開南大學,觀光與餐飲旅館學系,餐旅管理學類
2057,台灣首府大學,餐旅管理學系,餐旅管理學類
2058,台灣首府大學,飯店管理學系,餐旅管理學類
2059,台灣首府大學,烘焙管理學系,餐旅管理學類
2060,佛光大學,健康與創意蔬食產業學系  (問卷填答中),餐旅管理學類
2061,稻江科技暨管理學院,餐飲管理學系,餐旅管理學類
2062,明道大學,餐旅管理學系,餐旅管理學類
2063,國立屏東大學,商業自動化與管理學系,電子商務學類
2064,臺北市立大學,休閒運動管理學系,休閒管理學類
2065,國立屏東大學,休閒事業經營學系,休閒管理學類
2066,國立臺東大學,文化資源與休閒產業學系,休閒管理學類
2067,國立體育大學,休閒產業經營學系,休閒管理學類
2068,大葉大學,休閒事業管理學系,休閒管理學類
2069,中華大學,觀光與會展活動學系(旅遊與休閒管理組),休閒管理學類
2070,義守大學,休閒事業管理學系,休閒管理學類
2071,義守大學,國際觀光餐旅學系(國際學院),休閒管理學類
2072,銘傳大學,休閒遊憩管理學系(桃園校區),休閒管理學類
2073,實踐大學,休閒產業管理學系(高雄校區),休閒管理學類
2074,國立臺灣體育運動大學,休閒運動學系,休閒管理學類
2075,國立臺北大學,休閒運動管理學系,休閒管理學類
2076,開南大學,休閒事業管理學系,休閒管理學類
2077,佛光大學,管理學系(休閒事業管理組)  (問卷填答中),休閒管理學類
2078,稻江科技暨管理學院,休閒遊憩管理學系,休閒管理學類
2079,明道大學,休閒保健學系,休閒管理學類
2080,亞洲大學,休閒與遊憩管理學系(餐旅事業管理組),休閒管理學類
2081,亞洲大學,休閒與遊憩管理學系(旅遊事業管理組),休閒管理學類
2082,國立宜蘭大學,休閒產業與健康促進學系,休閒管理學類
2083,國立臺灣大學,國際企業學系,國際企業學類
2084,東吳大學,國際經營與貿易學系,國際企業學類
2085,國立政治大學,國際經營與貿易學系,國際企業學類
2086,國立政治大學,創新國際學院學士班,國際企業學類
2087,中原大學,國際經營與貿易學系,國際企業學類
2088,東海大學,國際經營與貿易學系,國際企業學類
2089,東海大學,國際學院國際經營管理學位學程,國際企業學類
2090,淡江大學,國際企業學系經貿管理組,國際企業學類
2091,淡江大學,國際企業學系國際商學全英語組,國際企業學類
2092,逢甲大學,國際經營與貿易學系,國際企業學類
2093,逢甲大學,國際經營與貿易學系國際企業管理全英語學士班,國際企業學類
2094,中國文化大學,國際貿易學系,國際企業學類
2095,中國文化大學,國際企業管理學系,國際企業學類
2096,中國文化大學,全球商務學士學位學程,國際企業學類
2097,靜宜大學,國際企業學系,國際企業學類
2098,輔仁大學,金融與國際企業學系,國際企業學類
2099,國立臺中教育大學,國際企業學系,國際企業學類
2100,國立東華大學,國際企業學系,國際企業學類
2101,國立屏東大學,國際貿易學系,國際企業學類
2102,元智大學,管理學院學士班(主修：國際企業),國際企業學類
2103,大葉大學,國際企業管理學系,國際企業學類
2104,義守大學,國際商務學系,國際企業學類
2105,義守大學,國際企業經營學系(國際學院),國際企業學類
2106,銘傳大學,國際企業學系,國際企業學類
2107,銘傳大學,國際企業與貿易學士學位學程(全英語授課．臺北校區),國際企業學類
2108,實踐大學,國際經營與貿易學系(臺北校區),國際企業學類
2109,實踐大學,國際貿易學系(高雄校區),國際企業學類
2110,實踐大學,國際企業管理學系(高雄校區),國際企業學類
2111,長榮大學,國際企業學系,國際企業學類
2112,國立暨南國際大學,國際企業學系,國際企業學類
2113,真理大學,國際貿易學系,國際企業學類
2114,開南大學,國際企業學系,國際企業學類
2115,佛光大學,應用經濟學系(國際商務組),國際企業學類
2116,中原大學,中原大學與美國天普大學商學管理雙學士學位學程,不分系學類
2117,逢甲大學,澳洲墨爾本皇家理工大學商學與創新雙學士學位學程,不分系學類
2118,逢甲大學,美國加州聖荷西州立大學商學大數據分析雙學士學位學程,不分系學類
2119,國立暨南國際大學,管理學院學士班,不分系學類
2120,慈濟大學,國際服務產業管理學士學位學程,不分系學類
2121,逢甲大學,財務工程與精算學士學位學程,財金統計學類
2122,銘傳大學,應用統計與資料科學學系應用統計組（桃園校區）,財金統計學類
2123,國立臺灣大學,會計學系,會計學類
2124,國立中興大學,會計學系,會計學類
2125,國立成功大學,會計學系,會計學類
2126,東吳大學,會計學系,會計學類
2127,國立政治大學,會計學系,會計學類
2128,中原大學,會計學系,會計學類
2129,東海大學,會計學系,會計學類
2130,淡江大學,會計學系,會計學類
2131,逢甲大學,會計學系,會計學類
2132,中國文化大學,會計學系,會計學類
2133,靜宜大學,會計學系,會計學類
2134,輔仁大學,會計學系,會計學類
2135,國立彰化師範大學,會計學系,會計學類
2136,國立東華大學,會計學系,會計學類
2137,國立屏東大學,會計學系,會計學類
2138,元智大學,管理學院學士班(主修：會計),會計學類
2139,國立中正大學,會計與資訊科技學系,會計學類
2140,大葉大學,會計資訊學系,會計學類
2141,義守大學,會計學系,會計學類
2142,銘傳大學,會計學系會計審計組(臺北校區),會計學類
2143,銘傳大學,會計學系稅務規劃組(臺北校區),會計學類
2144,實踐大學,會計學系(臺北校區),會計學類
2145,實踐大學,會計暨稅務學系(高雄校區),會計學類
2146,長榮大學,會計資訊學系,會計學類
2147,真理大學,會計資訊學系,會計學類
2148,國立臺北大學,會計學系,會計學類
2149,開南大學,會計學系,會計學類
2150,亞洲大學,會計與資訊學系會計稅務組,會計學類
2151,亞洲大學,會計與資訊學系智慧稽核組,會計學類
2152,國立臺灣大學,財務金融學系,財務金融學類
2153,國立中興大學,財務金融學系,財務金融學類
2154,東吳大學,財務工程與精算數學系,財務金融學類
2155,國立政治大學,金融學系,財務金融學類
2156,國立政治大學,財務管理學系,財務金融學類
2157,中原大學,財務金融學系,財務金融學類
2158,東海大學,財務金融學系,財務金融學類
2159,國立清華大學,計量財務金融學系,財務金融學類
2160,國立交通大學,資訊管理與財務金融學系,財務金融學類
2161,淡江大學,商管學院全球財務管理全英語學士學位學程,財務金融學類
2162,淡江大學,財務金融學系,財務金融學類
2163,逢甲大學,財務金融學系,財務金融學類
2164,國立中央大學,財務金融學系,財務金融學類
2165,中國文化大學,財務金融學系金融行銷組,財務金融學類
2166,中國文化大學,財務金融學系財務金融組,財務金融學類
2167,靜宜大學,財務工程學系,財務金融學類
2168,靜宜大學,財務金融學系,財務金融學類
2169,國立彰化師範大學,財務金融技術學系,財務金融學類
2170,國立中山大學,財務管理學系,財務金融學類
2171,國立東華大學,財務金融學系,財務金融學類
2172,國立屏東大學,財務金融學系,財務金融學類
2173,元智大學,管理學院學士班(主修：財務金融),財務金融學類
2174,國立中正大學,財務金融學系,財務金融學類
2175,大葉大學,財務金融學系,財務金融學類
2176,中華大學,財務管理學系金融資訊管理組,財務金融學類
2177,中華大學,財務管理學系財務金融管理組,財務金融學類
2178,中華大學,財務管理學系會計資訊與稅務組,財務金融學類
2179,義守大學,財務金融管理學系,財務金融學類
2180,義守大學,國際財務金融學系(國際學院),財務金融學類
2181,銘傳大學,財務金融學系國際金融管理組(台北校區),財務金融學類
2182,銘傳大學,財務金融學系財務金融組(台北校區),財務金融學類
2183,銘傳大學,金融科技應用學士學位學程(桃園校區),財務金融學類
2184,世新大學,財務金融學系,財務金融學類
2185,實踐大學,財務金融學系(臺北校區),財務金融學類
2186,實踐大學,金融管理學系(高雄校區),財務金融學類
2187,長榮大學,財務金融學系,財務金融學類
2188,國立暨南國際大學,財務金融學系,財務金融學類
2189,南華大學,財務金融學系,財務金融學類
2190,真理大學,財務金融學系,財務金融學類
2191,國立臺北大學,金融與合作經營學系,財務金融學類
2192,國立嘉義大學,財務金融學系,財務金融學類
2193,國立高雄大學,金融管理學系,財務金融學類
2194,中信金融管理學院,財務金融學系,財務金融學類
2195,中信金融管理學院,金融管理學院學士班,財務金融學類
2196,佛光大學,應用經濟學系(財務金融組),財務金融學類
2197,明道大學,財務金融學系,財務金融學類
2198,亞洲大學,財務金融學系(投資理財組),財務金融學類
2199,亞洲大學,財務金融學系(金融科技組),財務金融學類
2200,國立聯合大學,財務金融學系,財務金融學類
2201,國立臺灣大學,國際企業學系,國際企業學類
2202,東吳大學,國際經營與貿易學系,國際企業學類
2203,國立政治大學,國際經營與貿易學系,國際企業學類
2204,國立政治大學,創新國際學院學士班,國際企業學類
2205,中原大學,國際經營與貿易學系,國際企業學類
2206,東海大學,國際經營與貿易學系,國際企業學類
2207,東海大學,國際學院國際經營管理學位學程,國際企業學類
2208,淡江大學,國際企業學系經貿管理組,國際企業學類
2209,淡江大學,國際企業學系國際商學全英語組,國際企業學類
2210,逢甲大學,國際經營與貿易學系,國際企業學類
2211,逢甲大學,國際經營與貿易學系國際企業管理全英語學士班,國際企業學類
2212,中國文化大學,國際貿易學系,國際企業學類
2213,中國文化大學,國際企業管理學系,國際企業學類
2214,中國文化大學,全球商務學士學位學程,國際企業學類
2215,靜宜大學,國際企業學系,國際企業學類
2216,輔仁大學,金融與國際企業學系,國際企業學類
2217,國立臺中教育大學,國際企業學系,國際企業學類
2218,國立東華大學,國際企業學系,國際企業學類
2219,國立屏東大學,國際貿易學系,國際企業學類
2220,元智大學,管理學院學士班(主修：國際企業),國際企業學類
2221,大葉大學,國際企業管理學系,國際企業學類
2222,義守大學,國際商務學系,國際企業學類
2223,義守大學,國際企業經營學系(國際學院),國際企業學類
2224,銘傳大學,國際企業學系,國際企業學類
2225,銘傳大學,國際企業與貿易學士學位學程(全英語授課．臺北校區),國際企業學類
2226,實踐大學,國際經營與貿易學系(臺北校區),國際企業學類
2227,實踐大學,國際貿易學系(高雄校區),國際企業學類
2228,實踐大學,國際企業管理學系(高雄校區),國際企業學類
2229,長榮大學,國際企業學系,國際企業學類
2230,國立暨南國際大學,國際企業學系,國際企業學類
2231,真理大學,國際貿易學系,國際企業學類
2232,開南大學,國際企業學系,國際企業學類
2233,佛光大學,應用經濟學系(國際商務組),國際企業學類
2234,國立政治大學,財政學系,財稅學類
2235,逢甲大學,財稅學系,財稅學類
2236,真理大學,理財與稅務規劃學系,財稅學類
2237,國立臺北大學,財政學系,財稅學類
2238,國立政治大學,風險管理與保險學系,保險學類
2239,淡江大學,風險管理與保險學系,保險學類
2240,逢甲大學,風險管理與保險學系,保險學類
2241,銘傳大學,風險管理與保險學系保險金融與行銷組(臺北校區),保險學類
2242,銘傳大學,風險管理與保險學系風險管理組(臺北校區),保險學類
2243,實踐大學,風險管理與保險學系(臺北校區),保險學類
2244,國立臺灣大學,經濟學系,經濟學類
2245,國立臺灣大學,農業經濟學系,經濟學類
2246,國立中興大學,應用經濟學系,經濟學類
2247,國立成功大學,經濟學系,經濟學類
2248,東吳大學,經濟學系,經濟學類
2249,國立政治大學,經濟學系,經濟學類
2250,東海大學,經濟學系一般經濟組,經濟學類
2251,東海大學,經濟學系產業經濟組,經濟學類
2252,國立清華大學,經濟學系,經濟學類
2253,淡江大學,產業經濟學系,經濟學類
2254,淡江大學,經濟學系,經濟學類
2255,逢甲大學,經濟學系,經濟學類
2256,國立中央大學,經濟學系,經濟學類
2257,中國文化大學,經濟學系,經濟學類
2258,輔仁大學,經濟學系,經濟學類
2259,國立東華大學,經濟學系,經濟學類
2260,國立中正大學,經濟學系,經濟學類
2261,銘傳大學,經濟與金融學系金融理財組(桃園校區),經濟學類
2262,銘傳大學,經濟與金融學系應用經濟組(桃園校區),經濟學類
2263,世新大學,經濟學系,經濟學類
2264,國立暨南國際大學,經濟學系,經濟學類
2265,真理大學,經濟學系,經濟學類
2266,國立臺北大學,經濟學系,經濟學類
2267,國立嘉義大學,應用經濟學系,經濟學類
2268,國立高雄大學,應用經濟學系,經濟學類
2269,國立宜蘭大學,應用經濟與管理學系,經濟學類
2270,中原大學,中原大學與美國天普大學商學管理雙學士學位學程,不分系學類
2271,逢甲大學,澳洲墨爾本皇家理工大學商學與創新雙學士學位學程,不分系學類
2272,逢甲大學,美國加州聖荷西州立大學商學大數據分析雙學士學位學程,不分系學類
2273,國立暨南國際大學,管理學院學士班,不分系學類
2274,慈濟大學,國際服務產業管理學士學位學程,不分系學類
2275,高雄醫學大學,運動醫學系,運動保健學類
2276,中國醫藥大學,運動醫學系,運動保健學類
2277,中國文化大學,運動與健康促進學系,運動保健學類
2278,臺北市立大學,運動健康科學系,運動保健學類
2279,國立體育大學,運動保健學系,運動保健學類
2280,大葉大學,運動健康管理學系,運動保健學類
2281,國立臺灣體育運動大學,運動健康科學學系,運動保健學類
2282,國立臺灣師範大學,體育學系,體育學類
2283,國立清華大學,運動科學系,體育學類
2284,中國文化大學,體育學系,體育學類
2285,中國文化大學,技擊運動暨國術學系,體育學類
2286,輔仁大學,體育學系體育學組,體育學類
2287,輔仁大學,體育學系運動健康管理組,體育學類
2288,國立高雄師範大學,體育學系,體育學類
2289,國立彰化師範大學,運動學系,體育學類
2290,國立臺中教育大學,體育學系,體育學類
2291,國立臺北教育大學,體育學系,體育學類
2292,國立臺南大學,體育學系,體育學類
2293,國立東華大學,體育與運動科學系,體育學類
2294,臺北市立大學,體育學系,體育學類
2295,臺北市立大學,球類運動學系,體育學類
2296,臺北市立大學,陸上運動學系,體育學類
2297,臺北市立大學,水上運動學系,體育學類
2298,臺北市立大學,技擊運動學系,體育學類
2299,臺北市立大學,運動藝術學系,體育學類
2300,國立屏東大學,體育學系,體育學類
2301,國立臺東大學,體育學系,體育學類
2302,國立體育大學,適應體育學系,體育學類
2303,國立中正大學,運動競技學系,體育學類
2304,國立臺灣體育運動大學,體育學系,體育學類
2305,國立臺灣體育運動大學,體育學系(一般組),體育學類
2306,國立臺灣體育運動大學,體育學系(運動專長組),體育學類
2307,國立臺灣體育運動大學,技擊運動學系,體育學類
2308,國立臺灣體育運動大學,球類運動學系,體育學類
2309,國立臺灣體育運動大學,競技運動學系,體育學類
2310,國立嘉義大學,體育與健康休閒學系,體育學類
2311,國立高雄大學,運動競技學系,體育學類
2312,中國文化大學,舞蹈學系,舞蹈學類
2313,臺北市立大學,舞蹈學系,舞蹈學類
2314,國立臺灣藝術大學,舞蹈學系,舞蹈學類
2315,國立臺灣體育運動大學,舞蹈學系,舞蹈學類
2316,淡江大學,國際觀光管理學系全英語學士班(海外實習組蘭陽校園),觀光事業學類
2317,淡江大學,國際觀光管理學系全英語學士班(產業實習組蘭陽校園),觀光事業學類
2318,中國文化大學,觀光事業學系,觀光事業學類
2319,靜宜大學,觀光事業學系,觀光事業學類
2320,國立臺灣海洋大學,海洋觀光管理學士學位學程,觀光事業學類
2321,國立東華大學,觀光暨休閒遊憩學系,觀光事業學類
2322,大葉大學,觀光旅遊學系,觀光事業學類
2323,中華大學,觀光與會展活動學系(會展與活動管理組),觀光事業學類
2324,義守大學,觀光學系,觀光事業學類
2325,銘傳大學,觀光事業學系(桃園校區),觀光事業學類
2326,世新大學,觀光學系餐旅經營管理組,觀光事業學類
2327,世新大學,觀光學系旅遊暨休閒事業管理組,觀光事業學類
2328,世新大學,觀光學系觀光規劃暨資源管理組,觀光事業學類
2329,實踐大學,觀光管理學系(高雄校區),觀光事業學類
2330,國立暨南國際大學,觀光休閒與餐旅管理學系觀光休閒組,觀光事業學類
2331,南華大學,旅遊管理學系,觀光事業學類
2332,真理大學,觀光事業學系,觀光事業學類
2333,真理大學,觀光數位知識學系,觀光事業學類
2334,台灣首府大學,觀光事業管理學系(休閒旅遊組),觀光事業學類
2335,台灣首府大學,觀光事業管理學系(經營管理組),觀光事業學類
2336,國立聯合大學,文化觀光產業學系,觀光事業學類
2337,國立金門大學,觀光管理學系,觀光事業學類
2338,國立臺灣師範大學,運動競技學系,運動管理學類
2339,國立臺東大學,身心整合與運動休閒產業學系,運動管理學類
2340,國立體育大學,體育推廣學系  (問卷填答中),運動管理學類
2341,長榮大學,運動競技學系,運動管理學類
2342,南華大學,運動與健康促進學士學位學程,運動管理學類
2343,國立臺灣體育運動大學,運動事業管理學系,運動管理學類
2344,真理大學,運動管理學系,運動管理學類
2345,國立高雄大學,運動健康與休閒學系,運動管理學類
2346,國立金門大學,運動與休閒學系,運動管理學類
2347,東海大學,餐旅管理學系,餐旅管理學類
2348,輔仁大學,餐旅管理學系,餐旅管理學類
2349,大葉大學,餐旅管理學系,餐旅管理學類
2350,大葉大學,烘焙暨飲料調製學士學位學程,餐旅管理學類
2351,中華大學,餐旅管理學系,餐旅管理學類
2352,中華大學,國際觀光與酒店管理雙學士學位學程  (問卷填答中),餐旅管理學類
2353,義守大學,餐旅管理學系,餐旅管理學類
2354,義守大學,廚藝學系,餐旅管理學類
2355,銘傳大學,餐旅管理學系(桃園校區),餐旅管理學類
2356,實踐大學,餐飲管理學系(臺北校區),餐旅管理學類
2357,實踐大學,智慧服務管理英語學士學位學程(臺北校區)  (問卷填答中),餐旅管理學類
2358,長榮大學,觀光與餐飲管理學系,餐旅管理學類
2359,國立暨南國際大學,觀光休閒與餐旅管理學系餐旅管理組,餐旅管理學類
2360,玄奘大學,餐旅管理學系,餐旅管理學類
2361,開南大學,觀光與餐飲旅館學系,餐旅管理學類
2362,台灣首府大學,餐旅管理學系,餐旅管理學類
2363,台灣首府大學,飯店管理學系,餐旅管理學類
2364,台灣首府大學,烘焙管理學系,餐旅管理學類
2365,佛光大學,健康與創意蔬食產業學系  (問卷填答中),餐旅管理學類
2366,稻江科技暨管理學院,餐飲管理學系,餐旅管理學類
2367,明道大學,餐旅管理學系,餐旅管理學類
2368,臺北市立大學,休閒運動管理學系,休閒管理學類
2369,國立屏東大學,休閒事業經營學系,休閒管理學類
2370,國立臺東大學,文化資源與休閒產業學系,休閒管理學類
2371,國立體育大學,休閒產業經營學系,休閒管理學類
2372,大葉大學,休閒事業管理學系,休閒管理學類
2373,中華大學,觀光與會展活動學系(旅遊與休閒管理組),休閒管理學類
2374,義守大學,休閒事業管理學系,休閒管理學類
2375,義守大學,國際觀光餐旅學系(國際學院),休閒管理學類
2376,銘傳大學,休閒遊憩管理學系(桃園校區),休閒管理學類
2377,實踐大學,休閒產業管理學系(高雄校區),休閒管理學類
2378,國立臺灣體育運動大學,休閒運動學系,休閒管理學類
2379,國立臺北大學,休閒運動管理學系,休閒管理學類
2380,開南大學,休閒事業管理學系,休閒管理學類
2381,佛光大學,管理學系(休閒事業管理組)  (問卷填答中),休閒管理學類
2382,稻江科技暨管理學院,休閒遊憩管理學系,休閒管理學類
2383,明道大學,休閒保健學系,休閒管理學類
2384,亞洲大學,休閒與遊憩管理學系(餐旅事業管理組),休閒管理學類
2385,亞洲大學,休閒與遊憩管理學系(旅遊事業管理組),休閒管理學類
2386,國立宜蘭大學,休閒產業與健康促進學系,休閒管理學類
2387,國立臺灣師範大學,東亞學系,不分系學類
2388,國立中興大學,台灣人文創新學士學位學程,不分系學類
2389,國立成功大學,能源工程國際學士學位學程,不分系學類
2390,國立成功大學,全校不分系學士學位學程,不分系學類
2391,國立清華大學,清華學院學士班,不分系學類
2392,國立交通大學,百川學士學位學程,不分系學類
2393,國立中央大學,文學院學士班,不分系學類
2394,國立陽明大學,學士班大一大二不分系,不分系學類
2395,國立中山大學,人文暨科技跨領域學士學位學程,不分系學類
2396,國立東華大學,大一不分系學士班,不分系學類
2397,臺北醫學大學,展翅B組,不分系學類
2398,臺北醫學大學,展翅A組,不分系學類
2399,臺北基督學院,基督教博雅學系,不分系學類
